{"metadata":{"asset_id":"e07fe869-c32e-4758-bb0e-b6d5a0dd8fe5","asset_attributes":["data_asset"],"name":"dados_coletados.csv","asset_type":"data_asset","created_at":"2020-09-10T04:35:23Z","description":"","origin_country":"us","owner_id":"202fe5c7-1f5e-4cfd-9e94-63d559e6c45c","project_id":"ce792dbf-68f9-43b6-878b-bd37a86f5518","size":75002,"tags":[],"usage":{"last_update_time":1599712523900,"last_updated_at":"2020-09-10T04:35:23Z"}},"entity":{"data_asset":{"mime_type":"text/csv","dataset":false}},"attachments":[{"id":"536b156d-abac-42b2-8bc3-b053b2b2f0a9","version":2,"asset_type":"data_asset","name":"dados_coletados.csv","mime":"text/csv","datasource_type":"193a97c1-4475-4a19-b90c-295c4fdc6517","object_key":"dados_coletados.csv","creator_id":"202fe5c7-1f5e-4cfd-9e94-63d559e6c45c","create_time":1599712523899,"size":75002,"is_remote":false,"is_managed":false,"is_referenced":true,"is_object_key_read_only":true,"is_user_provided_path_key":true,"transfer_complete":true,"is_partitioned":false,"complete_time_ticks":1599712523899,"user_data":{},"test_doc":0,"handle":{"bucket":"tnt-donotdelete-pr-3fjwx5ds9cuwst","location":"us-geo","key":"dados_coletados.csv","upload_id":"done","max_part_num":1},"usage":{"access_count":0,"last_accessor_id":"202fe5c7-1f5e-4cfd-9e94-63d559e6c45c","last_access_time":1599712523899}}]}
