{"metadata":{"asset_id":"48d093fc-a4d4-43f3-bd47-887307f949b5","asset_attributes":["data_asset"],"name":"training_dataset.csv","asset_type":"data_asset","created_at":"2020-09-10T04:48:58Z","description":"","origin_country":"us","owner_id":"IBMid-550008HK46","project_id":"ce792dbf-68f9-43b6-878b-bd37a86f5518","size":75002,"tags":[],"usage":{"last_update_time":1599713339638,"last_updated_at":"2020-09-10T04:48:59Z"}},"entity":{"data_asset":{"mime_type":"text/csv","dataset":false}},"attachments":[{"id":"89ea0fc2-741d-478b-b3ef-4ddba29c1796","version":2,"asset_type":"data_asset","name":"training_dataset.csv","mime":"text/csv","datasource_type":"193a97c1-4475-4a19-b90c-295c4fdc6517","object_key":"training_dataset.csv","creator_id":"IBMid-550008HK46","create_time":1599713339638,"size":75002,"is_remote":false,"is_managed":false,"is_referenced":true,"is_object_key_read_only":true,"is_user_provided_path_key":true,"transfer_complete":true,"is_partitioned":false,"complete_time_ticks":1599713339638,"user_data":{},"test_doc":0,"handle":{"bucket":"tnt-donotdelete-pr-3fjwx5ds9cuwst","location":"us-geo","key":"training_dataset.csv","upload_id":"done","max_part_num":1},"usage":{"access_count":0,"last_accessor_id":"IBMid-550008HK46","last_access_time":1599713339638}}]}
