{"metadata":{"asset_id":"34d02587-4c6c-4e12-b41d-7673ed17811b","asset_attributes":["notebook"],"name":"tnt","asset_type":"notebook","created_at":"2020-09-09T20:04:42Z","description":"","origin_country":"us","owner_id":"IBMid-550008HK46","project_id":"ce792dbf-68f9-43b6-878b-bd37a86f5518","size":3063,"tags":["notebook"],"usage":{"last_update_time":1599712557768,"last_updated_at":"2020-09-10T04:35:57Z"}},"entity":{"notebook":{"kernel":{"name":"python3","display_name":"Python 3.6","language":"python"},"originates_from":{"url":"https://raw.githubusercontent.com/sergiogama/notebook/master/Loading%20data%20from%20cloudant%20to%20Pandas.ipynb","type":"url"},"runtime":{"environment":"conda2py36-ce792dbf-68f9-43b6-878b-bd37a86f5518"}}},"attachments":[{"id":"7c8c6137-8a66-428e-bc44-fec2bd62c1cc","version":2,"asset_type":"notebook","name":"attachment for notebook 34d02587-4c6c-4e12-b41d-7673ed17811b","description":"attachment for notebook 34d02587-4c6c-4e12-b41d-7673ed17811b","mime":"application/json","datasource_type":"193a97c1-4475-4a19-b90c-295c4fdc6517","object_key":"notebook/tnt_3FaF8kIG8.ipynb","creator_id":"IBMid-550008HK46","create_time":1599681883476,"size":3063,"is_remote":false,"is_managed":false,"is_referenced":true,"is_object_key_read_only":false,"is_user_provided_path_key":true,"transfer_complete":true,"is_partitioned":false,"complete_time_ticks":1599681883476,"user_data":{},"test_doc":0,"handle":{"bucket":"tnt-donotdelete-pr-3fjwx5ds9cuwst","location":"us-geo","key":"notebook/tnt_3FaF8kIG8.ipynb","upload_id":"done","max_part_num":1},"usage":{"access_count":0,"last_accessor_id":"IBMid-550008HK46","last_access_time":1599681883476}}]}
