{"metadata":{"asset_id":"e26c8379-6e93-489e-bd5c-2fc367d8c999","asset_attributes":["notebook"],"name":"notebook","asset_type":"notebook","created_at":"2020-09-10T04:47:09Z","description":"","origin_country":"us","owner_id":"IBMid-550008HK46","project_id":"ce792dbf-68f9-43b6-878b-bd37a86f5518","size":19637,"tags":["notebook"],"usage":{"last_update_time":1599714215887,"last_updated_at":"2020-09-10T05:03:35Z"}},"entity":{"notebook":{"kernel":{"name":"python3","display_name":"Python 3.6","language":"python"},"originates_from":{"url":"https://raw.githubusercontent.com/maratonadev-br/desafio-7-2020/master/notebook.ipynb","type":"url"},"runtime":{"environment":"conda2py36-ce792dbf-68f9-43b6-878b-bd37a86f5518"}}},"attachments":[{"id":"f5b3e86b-c413-4068-aa59-2a7381d1da74","version":2,"asset_type":"notebook","name":"attachment for notebook e26c8379-6e93-489e-bd5c-2fc367d8c999","description":"attachment for notebook e26c8379-6e93-489e-bd5c-2fc367d8c999","mime":"application/json","datasource_type":"193a97c1-4475-4a19-b90c-295c4fdc6517","object_key":"notebook/notebook_omiEQnV7y.ipynb","creator_id":"IBMid-550008HK46","create_time":1599713230717,"size":19637,"is_remote":false,"is_managed":false,"is_referenced":true,"is_object_key_read_only":false,"is_user_provided_path_key":true,"transfer_complete":true,"is_partitioned":false,"complete_time_ticks":1599713230717,"user_data":{},"test_doc":0,"handle":{"bucket":"tnt-donotdelete-pr-3fjwx5ds9cuwst","location":"us-geo","key":"notebook/notebook_omiEQnV7y.ipynb","upload_id":"done","max_part_num":1},"usage":{"access_count":0,"last_accessor_id":"IBMid-550008HK46","last_access_time":1599713230717}}]}
