{"metadata":{"asset_id":"f6a4daae-4982-42f6-8fbe-eabf16533e2b","asset_attributes":["data_asset"],"name":"algar-dataset-treino.csv","asset_type":"data_asset","created_at":"2020-08-29T01:49:19Z","description":"","origin_country":"us","owner_id":"IBMid-550008HK46","project_id":"925c7903-1af3-47e7-902d-a418f77ff462","size":213072,"tags":[],"usage":{"last_update_time":1598665760613,"last_updated_at":"2020-08-29T01:49:20Z"}},"entity":{"data_asset":{"mime_type":"text/csv","dataset":false}},"attachments":[{"id":"3b100dad-dd2b-4c7a-bc5d-8554a90cc322","version":2,"asset_type":"data_asset","name":"algar-dataset-treino.csv","mime":"text/csv","datasource_type":"193a97c1-4475-4a19-b90c-295c4fdc6517","object_key":"algar-dataset-treino.csv","creator_id":"iam-ServiceId-f49c5558-c247-4983-a04f-7d3c7a3d55da","create_time":1598665760499,"size":213072,"is_remote":false,"is_managed":false,"is_referenced":true,"is_object_key_read_only":false,"is_user_provided_path_key":true,"transfer_complete":true,"is_partitioned":false,"complete_time_ticks":1598665760499,"user_data":{},"test_doc":0,"handle":{"bucket":"algar-donotdelete-pr-xcunuandh1dgcy","location":"us-geo","key":"algar-dataset-treino.csv","upload_id":"done","max_part_num":1},"usage":{"access_count":0,"last_accessor_id":"iam-ServiceId-f49c5558-c247-4983-a04f-7d3c7a3d55da","last_access_time":1598665760499}}]}
