{"metadata":{"asset_id":"efdeca37-b15b-4a22-b42a-b94fc66510ca","asset_attributes":["data_asset"],"name":"results.csv","asset_type":"data_asset","created_at":"2020-09-05T02:51:48Z","description":"","origin_country":"us","owner_id":"3d98767b-f3db-441c-a0c0-28b3dc34154e","project_id":"513826dd-3f83-472e-888c-dd918a4c292e","size":53088,"tags":[],"usage":{"last_update_time":1599274309368,"last_updated_at":"2020-09-05T02:51:49Z"}},"entity":{"data_asset":{"mime_type":"text/csv","dataset":false}},"attachments":[{"id":"1f4f1822-54aa-4899-818c-0bd2b0031fbc","version":2,"asset_type":"data_asset","name":"results.csv","mime":"text/csv","datasource_type":"193a97c1-4475-4a19-b90c-295c4fdc6517","object_key":"results.csv","creator_id":"3d98767b-f3db-441c-a0c0-28b3dc34154e","create_time":1599274309367,"size":53088,"is_remote":false,"is_managed":false,"is_referenced":true,"is_object_key_read_only":true,"is_user_provided_path_key":true,"transfer_complete":true,"is_partitioned":false,"complete_time_ticks":1599274309367,"user_data":{},"test_doc":0,"handle":{"bucket":"desafio6-donotdelete-pr-ltb0r6151ofm0x","location":"us-geo","key":"results.csv","upload_id":"done","max_part_num":1},"usage":{"access_count":0,"last_accessor_id":"3d98767b-f3db-441c-a0c0-28b3dc34154e","last_access_time":1599274309367}}]}
