{"metadata":{"asset_id":"5c3b8e39-1b32-4b5a-b368-28c128d90926","asset_attributes":["notebook"],"name":"notebook","asset_type":"notebook","created_at":"2020-09-05T02:38:22Z","description":"","origin_country":"us","owner_id":"IBMid-550008HK46","project_id":"513826dd-3f83-472e-888c-dd918a4c292e","size":22109,"tags":["notebook"],"usage":{"last_update_time":1599274357523,"last_updated_at":"2020-09-05T02:52:37Z"}},"entity":{"notebook":{"kernel":{"name":"python3","display_name":"Python 3.6","language":"python"},"originates_from":{"url":"https://raw.githubusercontent.com/maratonadev-br/desafio-6-2020/master/notebook.ipynb","type":"url"},"runtime":{"environment":"conda2py36-513826dd-3f83-472e-888c-dd918a4c292e"}}},"attachments":[{"id":"c30d0f6f-7d84-47c5-a6e2-b66c10371a34","version":2,"asset_type":"notebook","name":"attachment for notebook 5c3b8e39-1b32-4b5a-b368-28c128d90926","description":"attachment for notebook 5c3b8e39-1b32-4b5a-b368-28c128d90926","mime":"application/json","datasource_type":"193a97c1-4475-4a19-b90c-295c4fdc6517","object_key":"notebook/notebook_HdGx7LaJH.ipynb","creator_id":"IBMid-550008HK46","create_time":1599273503692,"size":22109,"is_remote":false,"is_managed":false,"is_referenced":true,"is_object_key_read_only":false,"is_user_provided_path_key":true,"transfer_complete":true,"is_partitioned":false,"complete_time_ticks":1599273503692,"user_data":{},"test_doc":0,"handle":{"bucket":"desafio6-donotdelete-pr-ltb0r6151ofm0x","location":"us-geo","key":"notebook/notebook_HdGx7LaJH.ipynb","upload_id":"done","max_part_num":1},"usage":{"access_count":0,"last_accessor_id":"IBMid-550008HK46","last_access_time":1599273503692}}]}
