Açaí-Guaraná,Citrus,Estação,LAT,LONG,Maçã-Verde,Movimentação,Original_269,Original_473,Pêssego,TARGET,Tangerina,Tempo,Zero,_id,_rev,row
43,30,Consolação,-23.5581,-46.6606,16,113043,35,86,30,NORMAL,25,2018-9-6,55,00bed2eb994a1caf9fad5f5a85013ff5,1-671d5732bf26567a437cf057cdd7fb11,2406
26,10,Ana Rosa,-23.5813,-46.6383,31,64868,25,55,33,NORMAL,33,2019-4-19,59,00bed2eb994a1caf9fad5f5a8503b2ba,1-48a30f941910d1eac38cd1f84b2a9114,11989
29,34,Consolação,-23.5581,-46.6606,14,112959,44,33,26,NORMAL,17,2018-11-3,65,00bed2eb994a1caf9fad5f5a8504df65,1-fcb1eee7b4a1fb632dc0d613bce43c81,2463
11,20,Consolação,-23.5581,-46.6606,40,112288,13,74,7,NORMAL,40,2018-11-8,37,00bed2eb994a1caf9fad5f5a850523ad,1-240a6a77d9b9353b310b424e654a930c,2468
7,35,Luz,-23.5365,-46.6332,34,127518,60,44,34,NORMAL,26,2018-12-6,51,00bed2eb994a1caf9fad5f5a850d2f7d,1-9e431e7430b83522b4d51cfdda3e2ed0,11136
13,42,São Joaquim,-23.5618,-46.6389,35,34184,24,53,33,NORMAL,26,2018-4-3,9,00bed2eb994a1caf9fad5f5a851b1c0c,1-be1f1dc0bf21e6ef331e2b55805b4f88,12333
40,31,Luz,-23.5365,-46.6332,43,124686,51,39,19,NORMAL,16,2019-8-7,61,00bed2eb994a1caf9fad5f5a851d3bc8,1-c3815abbc937b1076ffc1a6583181426,11377
19,13,São Joaquim,-23.5618,-46.6389,40,32946,63,40,28,NORMAL,7,2018-5-18,38,00bed2eb994a1caf9fad5f5a851ec39c,1-a8d31f517fbcf1adc2d31c93ac06ba9b,12378
18,37,Luz,-23.5365,-46.6332,31,127601,59,21,37,NORMAL,40,2019-12-5,23,00bed2eb994a1caf9fad5f5a85260687,1-9508a18ac2c75c6d157888d5e5040baa,11495
18,15,São Joaquim,-23.5618,-46.6389,17,35278,4,21,20,REABASTECER,41,2018-9-21,65,00bed2eb994a1caf9fad5f5a8527c8cf,1-f346ba97a06fa24d336e8286ceccccb6,12501
37,43,São Joaquim,-23.5618,-46.6389,40,34803,48,9,43,REABASTECER,10,2018-10-17,17,00bed2eb994a1caf9fad5f5a8529d444,1-ccb978c7e77a93fec427d50d9aa6462e,12527
33,8,Ana Rosa,-23.5813,-46.6383,36,66514,30,21,4,NORMAL,35,2018-5-12,24,00bed2eb994a1caf9fad5f5a8531aeff,1-c7f42f7b596751da3295f6e103d7413e,11652
24,28,Tamanduateí,-23.59290,-46.5897,7,50348,8,73,4,REABASTECER,16,2018-9-29,32,00bed2eb994a1caf9fad5f5a8536a1c6,1-171b396a12b9260d0e4899f1599a4acc,3149
39,35,São Joaquim,-23.5618,-46.6389,36,33334,49,5,34,NORMAL,40,2019-5-9,50,00bed2eb994a1caf9fad5f5a85383f16,1-17874e1e7308395034ca2d51d6175362,12729
3,26,Tamanduateí,-23.59290,-46.5897,32,51647,57,73,43,REABASTECER,43,2018-10-25,50,00bed2eb994a1caf9fad5f5a85386207,1-9100568b49f59160eba46ba5e8c9785a,3175
5,15,Tamanduateí,-23.59290,-46.5897,39,53065,65,41,38,REABASTECER,39,2018-11-17,22,00bed2eb994a1caf9fad5f5a8539d50d,1-dd194f946098624250e71a8c330ad197,3197
39,23,Tamanduateí,-23.59290,-46.5897,33,49672,26,41,36,NORMAL,32,2019-1-1,15,00bed2eb994a1caf9fad5f5a853cb2a3,1-1bdbf2d506027891d8b1ecda05cb8fd4,3241
31,29,São Joaquim,-23.5618,-46.6389,5,34080,65,13,5,NORMAL,6,2019-9-5,0,00bed2eb994a1caf9fad5f5a85405d42,1-da175a9fa1d16bc9673011b5f9017d51,12845
16,7,São Joaquim,-23.5618,-46.6389,25,35642,57,79,30,NORMAL,5,2019-11-20,48,00bed2eb994a1caf9fad5f5a8545fa44,1-5b91388bc736dbee366af11a372b7252,12920
23,37,São Joaquim,-23.5618,-46.6389,12,36390,8,86,40,REABASTECER,25,2019-12-8,44,00bed2eb994a1caf9fad5f5a8547fe67,1-1df858a1b47da35a5ade18ddfdd4a62f,12938
10,36,Tamanduateí,-23.59290,-46.5897,40,50356,24,5,39,REABASTECER,10,2019-6-19,20,00bed2eb994a1caf9fad5f5a8549ab9d,1-ee8e08f77a2b7d7643f93933b41a2d22,3409
37,20,Tamanduateí,-23.59290,-46.5897,30,50711,22,17,28,NORMAL,14,2019-7-23,32,00bed2eb994a1caf9fad5f5a854bef0d,1-9c3ea3057b3ffd22d96aa5a0eaa93c9d,3443
15,14,Ana Rosa,-23.5813,-46.6383,13,67339,24,72,13,NORMAL,30,2019-6-4,65,00bed2eb994a1caf9fad5f5a854d280f,1-ec0f9a824c4e1c2467220784634fce04,12034
17,34,Ana Rosa,-23.5813,-46.6383,23,64909,11,61,9,NORMAL,34,2019-8-7,21,00bed2eb994a1caf9fad5f5a85526173,1-42551f5d0abcb1b42f1ff631911c2415,12097
6,17,Tamanduateí,-23.59290,-46.5897,13,51430,17,40,35,REABASTECER,15,2019-11-25,31,00bed2eb994a1caf9fad5f5a855594b4,1-713a6939f3fb9ebe5cee3340d5e6f433,3565
38,43,São Judas,-23.6255,-46.6411,14,17327,11,4,18,REABASTECER,43,2018-6-22,13,00bed2eb994a1caf9fad5f5a8556d528,1-14556f398b9803aeff0a4650fdad88a5,13132
40,29,São Joaquim,-23.5618,-46.6389,36,34890,65,73,7,NORMAL,35,2018-2-15,65,00bed2eb994a1caf9fad5f5a855f5d70,1-7f844fb16e9f732dac11f6c50456b640,12285
30,4,Sé,-23.55,-46.6333,9,192735,56,17,26,REABASTECER,39,2018-5-4,13,00bed2eb994a1caf9fad5f5a85603c39,1-591e1142276ac03acf58ce74a4ad63fc,3724
28,10,São Judas,-23.6255,-46.6411,34,14414,65,21,29,NORMAL,23,2019-10-17,24,00bed2eb994a1caf9fad5f5a857667cc,1-14ed6dc097a6244851445b89ed71538c,13607
43,24,São Joaquim,-23.5618,-46.6389,13,36280,35,43,27,NORMAL,39,2019-4-16,11,00bed2eb994a1caf9fad5f5a857bc3e7,1-c7fd9dbfd86b00a30be1e967522bc33c,12706
34,16,Sé,-23.55,-46.6333,12,192255,8,66,33,NORMAL,33,2019-6-12,10,00bed2eb994a1caf9fad5f5a857db323,1-aa9bfb1ffe4ac7a03691ad1aad66469b,4122
35,37,Sé,-23.55,-46.6333,35,193330,50,79,8,NORMAL,9,2019-8-22,35,00bed2eb994a1caf9fad5f5a858271a8,1-d40a7a999eee878b0c16ad4af73a7593,4192
43,8,São Joaquim,-23.5618,-46.6389,2,34766,65,56,15,REABASTECER,13,2019-8-12,33,00bed2eb994a1caf9fad5f5a8583be04,1-c30ef13a1f37f5904a96714fe09b35e7,12822
4,10,Brás,-23.5451,-46.6162,23,73648,35,47,33,REABASTECER,8,2018-3-4,24,00bed2eb994a1caf9fad5f5a85909359,1-6b8997a5e3f2678babd0a30b46832e31,4384
16,9,Vila Mariana,-23.5895,-46.6346,6,23056,8,77,21,REABASTECER,13,2018-11-12,30,00bed2eb994a1caf9fad5f5a8590f0fa,1-cdd20ee50fd2410837a769d204d835d0,13992
11,31,Brás,-23.5451,-46.6162,32,71279,61,60,3,NORMAL,18,2018-3-12,32,00bed2eb994a1caf9fad5f5a85912fbe,1-e20d2100ab05f7aa3d1a9350b4387ade,4392
25,17,Vila Mariana,-23.5895,-46.6346,35,23717,28,62,15,NORMAL,39,2018-12-20,29,00bed2eb994a1caf9fad5f5a85939d20,1-d9ada9b6486fe92ab144a84549151782,14030
22,40,Vila Mariana,-23.5895,-46.6346,43,21321,13,75,43,NORMAL,7,2019-10-21,43,00bed2eb994a1caf9fad5f5a85a9722b,1-decc259bb66e532709a0978e5ded104e,14331
26,36,Brás,-23.5451,-46.6162,40,74121,33,86,32,NORMAL,4,2019-5-29,35,00bed2eb994a1caf9fad5f5a85b1df46,1-e54be53edef3b93aec4f55f733e98218,4829
36,12,São Judas,-23.6255,-46.6411,39,14611,65,35,35,NORMAL,40,2019-7-9,48,00bed2eb994a1caf9fad5f5a85b4035c,1-56c378ed362affccb47b105aaf20efc9,13509
21,9,São Judas,-23.6255,-46.6411,32,17516,43,3,25,NORMAL,30,2019-7-12,28,00bed2eb994a1caf9fad5f5a85b42f1b,1-3a6e5a842bb2bf42ee5c6d93305a2489,13512
19,10,Brás,-23.5451,-46.6162,12,72581,56,39,43,NORMAL,28,2019-8-5,32,00bed2eb994a1caf9fad5f5a85b6a7a5,1-3c3bd44ab6c473e4b5be49a6ee067a61,4895
20,26,Brooklin,-23.6263,-46.6878,34,27149,15,34,29,NORMAL,27,2018-6-28,45,00bed2eb994a1caf9fad5f5a85b9bffb,1-89cacdc159924bf04c949c8478b6be9e,14578
4,36,Brás,-23.5451,-46.6162,31,73918,21,50,26,REABASTECER,8,2019-10-3,11,00bed2eb994a1caf9fad5f5a85ba6da4,1-bebeaae253c9908a397494007c658e5f,4953
43,21,Brás,-23.5451,-46.6162,18,72862,65,14,6,REABASTECER,19,2019-12-9,44,00bed2eb994a1caf9fad5f5a85bf51e0,1-fbfac321a9351f27a23d8ffba5d5ce8c,5019
26,29,Vila Mariana,-23.5895,-46.6346,17,23941,7,34,2,REABASTECER,19,2018-4-6,65,00bed2eb994a1caf9fad5f5a85c6bf8d,1-ae03659d6c55956845f99a4012a05f6d,13776
35,26,Barra Funda,-23.5542,-46.6707,43,147611,65,51,24,NORMAL,35,2018-6-2,59,00bed2eb994a1caf9fad5f5a85cc9ca1,1-39e222ed24e03f96e4e297edcb4bff85,5192
9,43,Vila Mariana,-23.5895,-46.6346,28,22280,18,34,43,NORMAL,38,2018-7-8,21,00bed2eb994a1caf9fad5f5a85cd6127,1-3138e9e1adbdbcb0bc42d5795df7ec3b,13868
14,19,Brooklin,-23.6263,-46.6878,22,26973,34,74,43,NORMAL,23,2019-7-20,42,00bed2eb994a1caf9fad5f5a85d488da,1-41a73fb23f94c6bcb8c3f250dfd58f04,14960
9,10,Campo Belo,-23.6188,-46.6823,40,26187,33,53,15,NORMAL,16,2018-1-30,10,00bed2eb994a1caf9fad5f5a85e239ca,1-0f5369164481b5984ba8b61f1de5680e,15150
27,34,Barra Funda,-23.5542,-46.6707,10,147278,61,79,20,NORMAL,21,2019-4-11,46,00bed2eb994a1caf9fad5f5a85e38929,1-39702b698ee07add1ad0f98b88681352,5501
28,12,Campo Belo,-23.6188,-46.6823,21,24122,65,28,12,NORMAL,17,2018-4-30,25,00bed2eb994a1caf9fad5f5a85e93c04,1-4c34294bec2e218d94a6e5e7fa987000,15240
36,40,Barra Funda,-23.5542,-46.6707,29,148560,6,33,29,REABASTECER,19,2019-7-27,21,00bed2eb994a1caf9fad5f5a85ec10be,1-87e93bc55c4735d26107a86ba487021b,5607
37,3,Campo Belo,-23.6188,-46.6823,36,26995,65,74,15,NORMAL,17,2018-6-11,6,00bed2eb994a1caf9fad5f5a85ec66c3,1-2a62cdf98b75d6cbfac07b233684bb34,15281
37,9,Campo Belo,-23.6188,-46.6823,13,23959,65,28,15,NORMAL,35,2018-10-9,49,00bed2eb994a1caf9fad5f5a85f4a171,1-5f67cce308abce48d8fa4a3e5c948aae,15399
27,43,Campo Belo,-23.6188,-46.6823,8,25324,52,7,5,NORMAL,26,2018-10-11,35,00bed2eb994a1caf9fad5f5a85f4b46e,1-da50d3243ebfc604187c459a31d3675d,15401
33,12,Barra Funda,-23.5542,-46.6707,8,150441,59,55,31,NORMAL,25,2019-12-20,65,00bed2eb994a1caf9fad5f5a85f6d1b9,1-7fc1747d8819a9da23c4ebe00e1d291c,5750
27,27,Campo Belo,-23.6188,-46.6823,43,25533,47,54,13,NORMAL,22,2018-11-12,65,00bed2eb994a1caf9fad5f5a85f6ebf7,1-dc1e5ff59d7cbe4c4e476f2adbd0b0b4,15432
43,24,Campo Belo,-23.6188,-46.6823,27,24480,41,53,41,NORMAL,25,2018-12-29,55,00bed2eb994a1caf9fad5f5a85fa5783,1-56cb7a10829f0bb68d3d526dde972472,15479
5,37,Tatuapé,-23.5402,-46.5765,5,69052,21,57,7,REABASTECER,13,2018-3-13,65,00bed2eb994a1caf9fad5f5a85fcef64,1-bf2c8dbacd7587b86324f6ba4ed5ecfa,5833
12,15,Faria Lima,-23.5675,-46.6929,27,54605,31,40,7,NORMAL,35,2019-12-29,33,010ba913e77c53c23a14ebf36f0052b5,1-a7168c6fdc60e683a2bb78e272c3c244,8639
36,43,Trianon-Masp,-23.5634,-46.6544,11,45465,57,86,43,NORMAL,2,2018-2-25,17,010ba913e77c53c23a14ebf36f0e63ec,1-28004a29e3fde620a8713025280d4f6d,1495
7,25,Pinheiros,-23.5664,-46.703,20,77709,16,4,25,REABASTECER,9,2018-7-23,11,010ba913e77c53c23a14ebf36f0ef04d,1-558256bc9ead62855410f7ef26c0e027,8843
43,33,Pinheiros,-23.5664,-46.703,29,76833,48,57,40,NORMAL,13,2019-2-8,38,010ba913e77c53c23a14ebf36f1d1641,1-1d33e146d754245dc08bb231881dee73,9038
5,2,Pinheiros,-23.5664,-46.703,41,78503,16,2,5,NORMAL,35,2019-4-25,30,010ba913e77c53c23a14ebf36f219d76,1-01bba1b2ceb92d5492c459cecf25a4fe,9115
7,40,Trianon-Masp,-23.5634,-46.6544,38,44378,44,49,43,NORMAL,31,2019-1-16,9,010ba913e77c53c23a14ebf36f2265ee,1-01f5ce4c564ee0d249ea5de8129acff8,1816
36,12,Trianon-Masp,-23.5634,-46.6544,13,44840,39,55,43,NORMAL,43,2019-5-10,13,010ba913e77c53c23a14ebf36f2ac254,1-69f38d75caa2e67ba6c82f45ea3995ba,1930
39,12,Tamanduateí,-23.59290,-46.5897,4,51997,56,8,25,REABASTECER,6,2019-11-28,15,010ba913e77c53c23a14ebf36f3363c0,1-55a0986d3d8f26a3ed7d9708e0896de0,3568
12,22,Sé,-23.55,-46.6333,16,194167,11,52,8,NORMAL,4,2018-1-21,55,010ba913e77c53c23a14ebf36f371f4a,1-c4109105f76f4092f206f4b4956d05da,3621
31,41,Sé,-23.55,-46.6333,26,192925,28,86,20,NORMAL,35,2018-3-1,35,010ba913e77c53c23a14ebf36f3a58b1,1-2573c3d413c62708743dd0b1cd401301,3661
14,8,Sé,-23.55,-46.6333,27,192543,16,32,10,NORMAL,17,2018-3-15,18,010ba913e77c53c23a14ebf36f3bd5c4,1-c64e279e1bf5de047b5ba3a8742d5e6b,3675
5,18,Butantã,-23.5844,-46.7252,19,65354,7,74,43,REABASTECER,19,2018-6-30,42,010ba913e77c53c23a14ebf36f3dd066,1-23c3bfbd069ecacc2e6f533705852951,9540
30,10,Butantã,-23.5844,-46.7252,40,67960,31,13,43,NORMAL,33,2019-2-30,60,010ba913e77c53c23a14ebf36f4ec4c2,1-575862bfe55e8db2b1f35d8fc3b5d910,9780
43,39,Consolação,-23.5581,-46.6606,6,112600,62,86,43,NORMAL,24,2018-12-13,65,010ba913e77c53c23a14ebf36f51f715,1-de416452c3e151c5eedf8e395b857161,2503
29,29,Consolação,-23.5581,-46.6606,43,113161,34,27,27,NORMAL,40,2018-12-28,30,010ba913e77c53c23a14ebf36f531346,1-b738c004a5f2290cab84420955bf252f,2518
16,17,Sé,-23.55,-46.6333,7,193698,53,86,31,REABASTECER,32,2019-4-1,9,010ba913e77c53c23a14ebf36f552fbf,1-797885001df463a70d156753ceba4127,4051
29,35,Sé,-23.55,-46.6333,26,193321,50,73,30,REABASTECER,33,2019-4-11,8,010ba913e77c53c23a14ebf36f55b886,1-bc22648049314eb0df040695591ee2df,4061
19,29,Sé,-23.55,-46.6333,24,193543,49,64,24,NORMAL,29,2019-5-24,17,010ba913e77c53c23a14ebf36f587c16,1-41fdf7e7156f3ab4fdb09fb0280bfac8,4104
43,39,Consolação,-23.5581,-46.6606,27,113827,10,86,15,NORMAL,16,2019-5-7,45,010ba913e77c53c23a14ebf36f5b36f5,1-bcfa2433491e76d32bcd0420e32fefd4,2647
43,28,Sé,-23.55,-46.6333,35,192884,17,52,16,NORMAL,22,2019-9-11,48,010ba913e77c53c23a14ebf36f5fbbfe,1-ab51cb925bd19c2fb555d810f0cb480c,4211
14,29,Consolação,-23.5581,-46.6606,14,112547,33,79,11,NORMAL,30,2019-10-16,56,010ba913e77c53c23a14ebf36f656fd4,1-e064ee35276ffe5dfa44b941373b36e6,2806
43,33,Consolação,-23.5581,-46.6606,26,113630,15,60,31,NORMAL,18,2019-11-21,16,010ba913e77c53c23a14ebf36f67d3bc,1-d7c40b96594138504989bc31f271d869,2841
40,16,Brás,-23.5451,-46.6162,19,72956,18,45,43,NORMAL,43,2018-1-22,45,010ba913e77c53c23a14ebf36f67eafd,1-f4266c4e31f7ffda95c64428c20c86fa,4342
17,5,Consolação,-23.5581,-46.6606,19,112424,42,73,12,REABASTECER,34,2019-11-28,28,010ba913e77c53c23a14ebf36f683062,1-bcf0b42017ae3a7eaabf548f588277df,2848
16,38,Brás,-23.5451,-46.6162,20,72345,65,12,14,NORMAL,10,2018-7-6,45,010ba913e77c53c23a14ebf36f72893e,1-e40e1159010459893b11e8a2f01f3f4a,4506
43,21,Fradique Coutinho,-23.5661,-46.6841,15,33718,43,30,32,NORMAL,30,2019-2-30,23,010ba913e77c53c23a14ebf36f80115b,1-d4e1313c93e8b1fd7113032d00bf40f0,10500
21,30,Fradique Coutinho,-23.5661,-46.6841,22,36768,33,59,25,NORMAL,23,2019-3-14,65,010ba913e77c53c23a14ebf36f80f4a2,1-d02f74260e31848e608b46847fc10912,10514
16,4,Tamanduateí,-23.59290,-46.5897,8,53150,44,8,8,NORMAL,8,2018-12-26,55,010ba913e77c53c23a14ebf36f81fba6,1-a697aefdd4ad9545b959d2aa93dd8b75,3236
33,14,Fradique Coutinho,-23.5661,-46.6841,37,34941,13,86,40,NORMAL,9,2019-8-21,19,010ba913e77c53c23a14ebf36f8cfc70,1-d84e5b9b2cb128ca1a8db4f12d11e37d,10671
26,16,Brás,-23.5451,-46.6162,40,72794,59,6,4,NORMAL,27,2019-8-26,1,010ba913e77c53c23a14ebf36f8e5076,1-e21027dc90937b2abde3402021a1ac50,4916
26,29,Fradique Coutinho,-23.5661,-46.6841,9,34396,54,78,18,NORMAL,22,2019-9-18,43,010ba913e77c53c23a14ebf36f8f4e9f,1-62308e6993e3d92399f8e400d71a6029,10698
21,27,Tamanduateí,-23.59290,-46.5897,9,50892,47,31,43,NORMAL,31,2019-8-10,45,010ba913e77c53c23a14ebf36f912ffe,1-ef8d51efc969104e51cfe09fd2c41766,3460
14,11,Tamanduateí,-23.59290,-46.5897,24,51519,65,38,15,NORMAL,43,2019-9-16,65,010ba913e77c53c23a14ebf36f937e8b,1-e7c3a7be26c3c259b2eb6fafeda5e4bd,3496
29,22,Barra Funda,-23.5542,-46.6707,10,148755,16,86,40,NORMAL,32,2018-2-14,40,010ba913e77c53c23a14ebf36f98c6dc,1-a8ed47aca54549eeb3df8cb55246dd80,5084
17,34,Luz,-23.5365,-46.6332,20,125661,16,52,22,NORMAL,38,2018-3-22,30,010ba913e77c53c23a14ebf36f9c9a5e,1-f827505e73fc551275d34b9a4b76d12a,10882
29,27,Luz,-23.5365,-46.6332,40,126182,56,67,37,NORMAL,37,2018-5-11,15,010ba913e77c53c23a14ebf36f9fc433,1-6bda72fa56d467cc3754c7abd3e0a37c,10931
31,35,Sé,-23.55,-46.6333,42,191934,47,59,12,NORMAL,23,2018-7-2,32,010ba913e77c53c23a14ebf36fa61133,1-e76221209ef39d013c2df98cf1054a63,3782
33,7,Sé,-23.55,-46.6333,19,192119,46,32,3,REABASTECER,19,2019-1-24,7,010ba913e77c53c23a14ebf36fb3eca1,1-c1d6eb7508bec004789ab2a333ea80e6,3984
12,7,Barra Funda,-23.5542,-46.6707,9,146777,28,54,37,NORMAL,14,2019-6-9,21,010ba913e77c53c23a14ebf36fb8df2d,1-f6b5feac8c102c379ad629d1761554a5,5559
2,17,Tatuapé,-23.5402,-46.5765,27,70132,12,42,13,REABASTECER,3,2018-2-10,45,010ba913e77c53c23a14ebf36fca0f06,1-e511fc256a6796bf7a3bf0945b94225d,5800
14,43,Ana Rosa,-23.5813,-46.6383,43,63862,38,86,25,NORMAL,19,2018-1-28,10,010ba913e77c53c23a14ebf36fcc45a0,1-8786cb50b37e29e10c060a1a34f0de21,11548
20,14,Ana Rosa,-23.5813,-46.6383,17,67350,45,86,38,NORMAL,20,2018-2-7,13,010ba913e77c53c23a14ebf36fccf724,1-417dd6d38dc3a6552297258f754a908e,11557
32,33,Ana Rosa,-23.5813,-46.6383,31,65712,40,86,8,NORMAL,27,2018-2-16,8,010ba913e77c53c23a14ebf36fcd67c1,1-59ccdf73a844e9487cad517ee85d6519,11566
16,23,Ana Rosa,-23.5813,-46.6383,10,66021,15,38,35,NORMAL,9,2018-3-10,39,010ba913e77c53c23a14ebf36fcf7f34,1-2a7f0b3543eadd4edb6294b0292f87f1,11590
33,8,Ana Rosa,-23.5813,-46.6383,36,66514,30,21,4,NORMAL,35,2018-5-12,24,010ba913e77c53c23a14ebf36fd3a5bc,1-c7f42f7b596751da3295f6e103d7413e,11652
30,33,Brás,-23.5451,-46.6162,43,71813,27,28,28,NORMAL,40,2018-5-10,26,010ba913e77c53c23a14ebf36fd3d131,1-7002537c765d8391a2d94e832790b74c,4450
26,32,Brás,-23.5451,-46.6162,11,70545,53,31,41,NORMAL,7,2018-8-8,39,010ba913e77c53c23a14ebf36fd92f4c,1-58c30804976d266626a64b056837148b,4538
12,21,Tatuapé,-23.5402,-46.5765,30,68685,27,86,43,NORMAL,31,2019-2-2,65,010ba913e77c53c23a14ebf36fe07f06,1-8e7f45cf60550d8c27a71a7e5ebd4bb6,6152
38,14,Ana Rosa,-23.5813,-46.6383,17,63976,10,57,28,NORMAL,28,2019-2-25,38,010ba913e77c53c23a14ebf36fe7eb93,1-5b2fc7ee202ace8e769171ac87f84d45,11935
12,28,Tatuapé,-23.5402,-46.5765,19,70553,59,46,14,NORMAL,30,2019-6-7,50,010ba913e77c53c23a14ebf36fe88e96,1-87b878d6ffe63f87049a4f73dfbca445,6277
32,36,Brás,-23.5451,-46.6162,42,72452,43,34,5,REABASTECER,12,2019-5-16,51,010ba913e77c53c23a14ebf36fec3266,1-8a9ec9bde67a6d23fcb1337dd8b603dd,4816
9,13,Ana Rosa,-23.5813,-46.6383,8,67362,17,62,10,NORMAL,27,2019-6-5,56,010ba913e77c53c23a14ebf36fefb496,1-4cba8299f91b26cca38d88635a1349f5,12035
19,37,Ana Rosa,-23.5813,-46.6383,35,64995,49,46,17,NORMAL,33,2019-6-24,51,010ba913e77c53c23a14ebf36ff144f7,1-dd2f1cf61db0273053141805954cd903,12054
10,43,Brás,-23.5451,-46.6162,22,73828,32,59,28,NORMAL,7,2019-8-30,47,010ba913e77c53c23a14ebf36ff32664,1-8e81e85f13e03a060bf57b219d7a56dc,4920
21,32,Brás,-23.5451,-46.6162,27,72348,34,16,40,NORMAL,17,2019-9-20,35,010ba913e77c53c23a14ebf36ff470fa,1-ba3cd8e0bfc22224c4a9178a324f748e,4940
18,17,Brás,-23.5451,-46.6162,17,72425,43,75,7,NORMAL,29,2019-10-9,38,010ba913e77c53c23a14ebf36ff591b1,1-f766652b904b22e9ad0acc23edba75bb,4959
27,34,Brás,-23.5451,-46.6162,35,74292,65,74,12,NORMAL,38,2019-10-18,39,010ba913e77c53c23a14ebf36ff641c8,1-378e010103cc0f7eb726e8011044c3b9,4968
29,19,República,-23.5436,-46.6434,17,108351,4,2,22,NORMAL,22,2018-2-8,19,010ba913e77c53c23a14ebf36ff87c1f,1-4c883043d26c9e6ea9e7862e35ddb530,6518
17,29,Trianon-Masp,-23.5634,-46.6544,36,42159,32,40,26,NORMAL,26,2019-8-10,40,01ff852650a1d4886bce2e21e1010dfb,1-1cd5e32c7fd5ff336dc912e07b1e6266,2020
28,7,Paraíso,-23.57677,-46.63933,11,70324,61,17,5,NORMAL,22,2019-3-29,59,01ff852650a1d4886bce2e21e10532d0,1-40b940213ce2d4ed0a875b70f57db2ed,449
43,11,Consolação,-23.5581,-46.6606,8,113342,18,78,15,NORMAL,21,2018-1-29,65,01ff852650a1d4886bce2e21e10d94ec,1-c6270e8f0665f507467fb71066a64205,2189
40,6,Consolação,-23.5581,-46.6606,20,114041,65,43,21,REABASTECER,13,2018-2-11,44,01ff852650a1d4886bce2e21e10e3804,1-1254a9af3def10967b4ab48bc300dbce,2201
25,25,Brigadeiro,-23.5683,-46.6482,22,46086,36,36,21,NORMAL,24,2018-1-6,28,01ff852650a1d4886bce2e21e118d141,1-7b454eb260fe741522d1fc42cf645495,726
19,36,Brigadeiro,-23.5683,-46.6482,34,47838,41,67,31,REABASTECER,19,2018-4-2,4,01ff852650a1d4886bce2e21e11f5061,1-32a3b44f47f341e03181d5b5a6c95258,812
7,39,Higienópolis-Mackenzie,-23.5488,-46.6519,34,90145,44,35,18,NORMAL,32,2019-1-22,60,01ff852650a1d4886bce2e21e125b504,1-51b8681a4d5f5709a8e0c75b67501c75,7582
10,24,Brigadeiro,-23.5683,-46.6482,24,47998,40,86,8,NORMAL,15,2018-8-12,65,01ff852650a1d4886bce2e21e128c84f,1-3b21dbb1ce764276d0845e9f79286f6c,942
14,8,Higienópolis-Mackenzie,-23.5488,-46.6519,33,92870,52,74,40,NORMAL,8,2019-5-11,47,01ff852650a1d4886bce2e21e12da868,1-f30971fbd19dc32bdc1b828cc2d0f95f,7691
18,28,Brigadeiro,-23.5683,-46.6482,27,49735,35,6,34,REABASTECER,38,2019-7-3,58,01ff852650a1d4886bce2e21e16d4888,1-23dabca6032b6b4c0277b4dfdfaa51e3,1263
37,30,Tamanduateí,-23.59290,-46.5897,9,51275,5,66,10,REABASTECER,12,2018-2-1,65,01ff852650a1d4886bce2e21e16fa625,1-499945fa8f540e4317afa8481e8b8827,2911
23,43,Tamanduateí,-23.59290,-46.5897,19,52796,14,19,4,REABASTECER,3,2018-2-24,28,01ff852650a1d4886bce2e21e1716aa2,1-b3eb243a7d3ae8f099ebf7c3a403f504,2934
31,32,Brigadeiro,-23.5683,-46.6482,16,49299,31,17,4,REABASTECER,43,2019-9-3,45,01ff852650a1d4886bce2e21e171f799,1-12e222dabf1a17ab9427f384f9f77fe6,1323
20,20,Brigadeiro,-23.5683,-46.6482,5,46385,7,77,38,REABASTECER,33,2019-9-6,17,01ff852650a1d4886bce2e21e1724a18,1-d0c4f1f1d12353aad0f7d0adaca73e78,1326
36,18,Brigadeiro,-23.5683,-46.6482,42,48494,53,13,41,NORMAL,35,2019-12-20,13,01ff852650a1d4886bce2e21e1793dec,1-42fbfa2a0cb116be338a2cfcc362c609,1430
39,16,Faria Lima,-23.5675,-46.6929,7,54670,63,57,18,NORMAL,23,2018-11-9,65,01ff852650a1d4886bce2e21e182b672,1-bc4b36e28574c596f186325d0342459d,8229
43,15,Trianon-Masp,-23.5634,-46.6544,5,44367,45,26,21,NORMAL,9,2018-5-10,13,01ff852650a1d4886bce2e21e182edf5,1-9a6621c29de3f4237d38bc65d54260cf,1570
36,14,Trianon-Masp,-23.5634,-46.6544,20,44363,35,24,32,NORMAL,27,2018-9-15,47,01ff852650a1d4886bce2e21e18c99a5,1-fa6d17d2b9ac991004fb4da395f225ed,1695
4,20,Faria Lima,-23.5675,-46.6929,8,51888,23,9,12,REABASTECER,43,2019-7-9,41,01ff852650a1d4886bce2e21e194c1cc,1-022fcfab95fd423630cbbf79a82ca95f,8469
13,40,Trianon-Masp,-23.5634,-46.6544,21,44504,46,28,7,NORMAL,16,2019-10-4,56,01ff852650a1d4886bce2e21e1a789be,1-ac3b232580a41cf0c24185b986b8345e,2074
1,24,Sé,-23.55,-46.6333,18,194446,24,68,43,NORMAL,16,2018-4-29,45,01ff852650a1d4886bce2e21e1aaffa1,1-e585539706acc93437dab465aa030223,3719
33,27,Pinheiros,-23.5664,-46.703,25,79395,16,9,23,REABASTECER,28,2018-5-20,25,01ff852650a1d4886bce2e21e1ac2c8e,1-aed1e892d7e50f8cbcccd4c699d14c83,8780
25,31,Trianon-Masp,-23.5634,-46.6544,35,44231,59,86,18,NORMAL,40,2019-12-3,45,01ff852650a1d4886bce2e21e1ac4d3d,1-ae60a2e4e327131c0bc7f3327232e96d,2133
9,29,Trianon-Masp,-23.5634,-46.6544,30,43603,23,77,33,NORMAL,4,2019-12-30,53,01ff852650a1d4886bce2e21e1adeb3c,1-f7b4f439c88e251c79a6b5806aedbb61,2160
20,32,Sé,-23.55,-46.6333,33,192472,24,73,43,NORMAL,43,2018-9-1,22,01ff852650a1d4886bce2e21e1b35090,1-b5496f362bc8c3b3bba4c17983a989c9,3841
37,25,Sé,-23.55,-46.6333,40,194126,47,12,24,REABASTECER,24,2018-10-23,51,01ff852650a1d4886bce2e21e1b6c976,1-bd8cea2f807afb8de62fb656478b6e00,3893
37,36,Sé,-23.55,-46.6333,27,192941,7,33,29,REABASTECER,36,2018-12-7,6,01ff852650a1d4886bce2e21e1b9bb81,1-9a6642769d6800d97acc29ca2f70e70b,3937
21,20,Pinheiros,-23.5664,-46.703,38,77970,27,22,30,NORMAL,39,2018-12-29,55,01ff852650a1d4886bce2e21e1bafe7a,1-3417e37af662f517996b91fbd499a096,8999
16,43,Consolação,-23.5581,-46.6606,24,112194,54,43,6,NORMAL,39,2018-9-2,21,01ff852650a1d4886bce2e21e1bfd8e7,1-52c4ac95db47c10c5242ff9fd8ad37fa,2402
10,16,Sé,-23.55,-46.6333,7,193560,38,62,12,NORMAL,21,2019-5-16,4,01ff852650a1d4886bce2e21e1c5b251,1-16b446f66261b2ad924d230ea9b687ae,4096
26,14,Sé,-23.55,-46.6333,8,194638,24,65,37,NORMAL,37,2019-8-5,28,01ff852650a1d4886bce2e21e1cb2366,1-2aaf2115992ccd4de05d769dd5979cef,4175
20,13,Sé,-23.55,-46.6333,12,191323,28,47,33,NORMAL,33,2019-8-16,16,01ff852650a1d4886bce2e21e1cc02af,1-4812e74886ac6e29733f153256f85265,4186
31,18,Sé,-23.55,-46.6333,28,195097,65,19,43,NORMAL,16,2019-9-14,28,01ff852650a1d4886bce2e21e1ce08e1,1-ef34229047d621229bb9696c7a623ab8,4214
9,27,Consolação,-23.5581,-46.6606,43,114923,25,16,11,NORMAL,34,2019-7-14,32,01ff852650a1d4886bce2e21e1d6d6c1,1-f3624e03dbc5aad08652c04d04dc8ed8,2714
8,24,Brás,-23.5451,-46.6162,31,71307,34,73,17,NORMAL,10,2018-1-19,65,01ff852650a1d4886bce2e21e1d72922,1-711e8cb4ef1c5e7f50f731fc65c60c2c,4339
25,41,Butantã,-23.5844,-46.7252,38,64466,33,86,23,NORMAL,19,2018-1-17,18,01ff852650a1d4886bce2e21e1d740e2,1-6322b40690c688cc2e3a1716f95af29e,9377
27,24,Consolação,-23.5581,-46.6606,25,113302,46,11,20,REABASTECER,5,2019-8-1,52,01ff852650a1d4886bce2e21e1d7f3b7,1-13f2005c2f8e3b18206276d19bb21087,2731
8,27,Brás,-23.5451,-46.6162,22,71598,61,86,11,NORMAL,23,2018-4-24,65,01ff852650a1d4886bce2e21e1ddf1d8,1-d47d3c40997bf39f4e0026a9b7836931,4434
23,32,Butantã,-23.5844,-46.7252,26,64872,40,36,23,REABASTECER,43,2018-6-25,4,01ff852650a1d4886bce2e21e1e2e01b,1-d3e98c5810291e8ab032bc23816b3822,9535
28,34,Brás,-23.5451,-46.6162,23,73513,60,23,38,NORMAL,12,2018-8-18,40,01ff852650a1d4886bce2e21e1e63b96,1-2c7764649d7f4f92633b8256828a46b3,4548
33,19,Brás,-23.5451,-46.6162,14,71725,58,8,41,REABASTECER,2,2019-1-2,56,01ff852650a1d4886bce2e21e1f0c11f,1-c5b401aafa8a82bb156b2536ee3a293f,4682
43,28,Tamanduateí,-23.59290,-46.5897,2,50343,17,50,16,NORMAL,28,2018-9-5,8,01ff852650a1d4886bce2e21e1f5293b,1-02e59d74e54d677073b368333c9570a5,3125
38,31,Butantã,-23.5844,-46.7252,14,65507,63,30,9,REABASTECER,43,2019-3-8,4,01ff852650a1d4886bce2e21e1f60376,1-8570574b1b5d2123c89da62b3421b679,9788
13,28,Butantã,-23.5844,-46.7252,36,64478,34,86,4,REABASTECER,37,2019-5-15,45,01ff852650a1d4886bce2e21e1fb0a42,1-3bab7d1cd75340710ef7ac38353e0395,9855
35,20,Tamanduateí,-23.59290,-46.5897,21,51776,1,48,26,REABASTECER,23,2018-12-22,29,01ff852650a1d4886bce2e21e1fd1233,1-bb5574de2ee8881e7f1a605ad2c1c066,3232
41,17,Butantã,-23.5844,-46.7252,25,66052,49,45,20,NORMAL,4,2019-7-4,34,01ff852650a1d4886bce2e21e1fe8457,1-f45d7ae190f0dcc6bd01bd1b0f36ef27,9904
39,28,Barra Funda,-23.5542,-46.6707,20,149381,65,13,21,NORMAL,41,2019-6-3,65,02549a62ff805a31dba66ec5bc065fae,1-f6c8c2d4ccd5ec1e8212f6d734bf0d5d,5553
2,31,Campo Belo,-23.6188,-46.6823,18,24359,45,50,15,REABASTECER,23,2019-7-15,2,02549a62ff805a31dba66ec5bc06a744,1-112c4ee3efac25293c8b345dbbcc21bd,15675
27,24,Barra Funda,-23.5542,-46.6707,22,147446,50,73,14,NORMAL,28,2019-6-16,40,02549a62ff805a31dba66ec5bc074909,1-c25aaf77408399efda0ccb5499dea2b4,5566
35,7,Barra Funda,-23.5542,-46.6707,42,147188,62,58,16,NORMAL,22,2019-7-6,26,02549a62ff805a31dba66ec5bc08df43,1-8e1d18d4426d1f32cde7dc55a24d7fba,5586
40,19,Barra Funda,-23.5542,-46.6707,39,149957,10,45,24,REABASTECER,17,2019-9-9,7,02549a62ff805a31dba66ec5bc0dfe1f,1-83291fa8ade10fd93702ac4322790be6,5649
27,14,Campo Belo,-23.6188,-46.6823,8,25010,23,46,4,REABASTECER,9,2019-12-20,53,02549a62ff805a31dba66ec5bc125109,1-5e3f6f69a7726d9286d47481622b0a3e,15830
36,18,Brooklin,-23.6263,-46.6878,27,29752,17,0,30,REABASTECER,16,2018-11-23,48,02549a62ff805a31dba66ec5bc181d6a,1-7d16ea5f3549882c14f0b3c95c2ee52c,14723
8,39,Eucaliptos,-23.61,-46.6686,24,21732,35,5,7,REABASTECER,11,2018-4-26,20,02549a62ff805a31dba66ec5bc1c02d6,1-507ea647329403f967f1def8e1a9b3dc,15956
39,17,Eucaliptos,-23.61,-46.6686,13,25476,10,86,35,NORMAL,36,2018-6-11,41,02549a62ff805a31dba66ec5bc1f025d,1-1f3055711c3d06c9f21692cdc3bfa8bf,16001
13,13,Brooklin,-23.6263,-46.6878,12,26885,48,17,27,NORMAL,37,2019-5-25,21,02549a62ff805a31dba66ec5bc2554f2,1-5f8b162080a3bd28d1bc66966c758431,14905
20,7,Brooklin,-23.6263,-46.6878,40,26069,55,46,13,NORMAL,32,2019-6-27,61,02549a62ff805a31dba66ec5bc27c174,1-d0c77c26e3d1c09898770bbd86300d9d,14937
27,27,Brooklin,-23.6263,-46.6878,16,27072,11,65,27,NORMAL,43,2019-7-4,19,02549a62ff805a31dba66ec5bc28049b,1-05f63b241925d6cb7a1905c65531fd3d,14944
19,29,Brooklin,-23.6263,-46.6878,43,28478,57,64,8,NORMAL,33,2019-8-9,49,02549a62ff805a31dba66ec5bc2ab228,1-ea40aadae457a961c10f318a43460ceb,14979
30,43,Tatuapé,-23.5402,-46.5765,12,70041,56,50,21,REABASTECER,5,2019-1-27,34,02549a62ff805a31dba66ec5bc326748,1-73a282f8fcbd6369c90f294d8b6a33b3,6147
17,14,Campo Belo,-23.6188,-46.6823,43,24991,60,64,4,REABASTECER,2,2018-4-10,47,02549a62ff805a31dba66ec5bc3b434d,1-73e8b9b5062fc8ee9b94b15310323720,15220
10,22,Eucaliptos,-23.61,-46.6686,18,24163,14,63,36,NORMAL,12,2019-10-5,42,02549a62ff805a31dba66ec5bc40cd03,1-3a915fd0ba84ca3ff673b1fbe4116219,16475
5,26,Campo Belo,-23.6188,-46.6823,16,25864,55,28,18,NORMAL,15,2018-7-3,54,02549a62ff805a31dba66ec5bc40dbc6,1-01a0797f3da89c51533a3e1180d3f066,15303
16,21,Eucaliptos,-23.61,-46.6686,16,22222,62,45,12,NORMAL,38,2019-12-2,48,02549a62ff805a31dba66ec5bc446f70,1-c898334aa12164e7316379579ca04854,16532
39,33,Campo Belo,-23.6188,-46.6823,27,23121,53,76,30,NORMAL,32,2018-9-16,8,02549a62ff805a31dba66ec5bc458cd4,1-0bc9b607b6dd76fb0603b2fd3dcd03af,15376
14,33,Eucaliptos,-23.61,-46.6686,35,24122,36,86,8,NORMAL,29,2019-12-25,17,02549a62ff805a31dba66ec5bc45bea5,1-a30b107d1f11ba5865df0b50ad8df699,16555
6,30,Moema,-23.5489,-46.6388,28,20074,52,86,20,REABASTECER,20,2018-3-21,8,02549a62ff805a31dba66ec5bc4b6aed,1-e6cfcdf024a04c95e7b18780c5f374d6,16641
9,24,Campo Belo,-23.6188,-46.6823,26,23751,48,86,43,NORMAL,34,2018-12-16,19,02549a62ff805a31dba66ec5bc4b734f,1-9f2458f8499cd2702663948ede5c0ee0,15466
24,33,Campo Belo,-23.6188,-46.6823,4,25267,65,10,14,REABASTECER,2,2018-12-24,27,02549a62ff805a31dba66ec5bc4c370b,1-5835f48d92608a70e08a0058d8d54e7d,15474
15,18,Moema,-23.5489,-46.6388,18,18205,5,34,31,REABASTECER,15,2018-5-2,43,02549a62ff805a31dba66ec5bc4e8ea3,1-736b3ff41833c6646eb4c5882081eb12,16682
23,22,República,-23.5436,-46.6434,34,111026,65,29,24,NORMAL,43,2018-10-1,65,02549a62ff805a31dba66ec5bc5c75c6,1-8ef63cc687911e55429a2cac793d9786,6751
5,17,Campo Belo,-23.6188,-46.6823,21,25256,55,23,13,NORMAL,27,2019-12-5,23,02549a62ff805a31dba66ec5bc641c16,1-44c4fca600dd5f448e0f2bca9f6fd992,15815
41,28,Paraíso,-23.57677,-46.63933,26,70869,65,18,31,NORMAL,18,2018-1-26,27,02549a62ff805a31dba66ec5bc67d692,1-898ee915d13380141ba023325995de28,26
35,34,República,-23.5436,-46.6434,23,107557,17,67,22,NORMAL,15,2019-6-21,11,02549a62ff805a31dba66ec5bc6eefeb,1-b71852e7a42f22d7c09049ecb844d6e4,7011
7,2,Paraíso,-23.57677,-46.63933,12,72262,65,33,40,REABASTECER,26,2018-8-16,15,02549a62ff805a31dba66ec5bc75caa8,1-4ae43d3fafd4f33223dd2e1f63b1f0ec,226
43,43,Paraíso,-23.57677,-46.63933,33,70858,58,9,30,REABASTECER,20,2018-8-28,57,02549a62ff805a31dba66ec5bc76a0f3,1-6215836beac593ef07c9f971410d4837,238
16,31,República,-23.5436,-46.6434,3,107950,21,52,21,NORMAL,23,2019-10-26,29,02549a62ff805a31dba66ec5bc780658,1-a6f00102d1ff1980140c5d397aa5147b,7136
43,42,Higienópolis-Mackenzie,-23.5488,-46.6519,14,90017,6,40,43,REABASTECER,41,2018-6-29,16,02549a62ff805a31dba66ec5bc89c8d9,1-5d09015e6573796e05a678dca0484dcf,7379
12,7,Paraíso,-23.57677,-46.63933,14,71826,28,22,30,NORMAL,8,2019-5-23,13,02549a62ff805a31dba66ec5bc89ed71,1-801a8b8263e574fdb92241974150dc31,503
28,28,Paraíso,-23.57677,-46.63933,43,70146,22,66,14,REABASTECER,1,2019-7-9,24,02549a62ff805a31dba66ec5bc8d5773,1-2a662e38e0053fd77b2a95d929ef96fc,549
5,14,Higienópolis-Mackenzie,-23.5488,-46.6519,20,89706,58,41,8,NORMAL,43,2018-11-9,38,02549a62ff805a31dba66ec5bc937b9b,1-131db03a060b8dd4b9695647685bfd24,7509
20,30,Higienópolis-Mackenzie,-23.5488,-46.6519,38,89989,47,86,33,NORMAL,10,2019-1-8,19,02549a62ff805a31dba66ec5bc974364,1-654908344e56b2cb744bb4fb29c8ebbc,7568
38,36,Brigadeiro,-23.5683,-46.6482,13,48114,22,23,14,NORMAL,13,2018-2-13,36,02549a62ff805a31dba66ec5bc9c765d,1-8d59d0fc88439d993a82b08da8dc5d7f,763
6,27,Higienópolis-Mackenzie,-23.5488,-46.6519,27,92497,58,49,22,NORMAL,30,2019-4-17,10,02549a62ff805a31dba66ec5bc9ed493,1-6deb036655036f77cc0e6cb034ab1e51,7667
43,11,Brigadeiro,-23.5683,-46.6482,43,49773,23,64,13,NORMAL,29,2018-4-28,65,02549a62ff805a31dba66ec5bca26afd,1-74e7d1def784052f0be93fac0f363aff,838
19,43,Higienópolis-Mackenzie,-23.5488,-46.6519,15,90608,34,28,43,NORMAL,38,2019-10-16,53,02549a62ff805a31dba66ec5bcac30fe,1-468864a31b107cf14689967d0e17db24,7846
23,17,Moema,-23.5489,-46.6388,36,18765,49,86,33,NORMAL,17,2018-10-11,41,02549a62ff805a31dba66ec5bcaf1c10,1-bc6329a34de1161e5c93975a76f22374,16841
22,11,Paraíso,-23.57677,-46.63933,8,71111,42,42,37,NORMAL,16,2018-2-19,58,02549a62ff805a31dba66ec5bcbfbdb8,1-5fc4421159648ba2b6aee51e7b70233d,49
43,23,Faria Lima,-23.5675,-46.6929,28,53661,65,42,14,NORMAL,33,2018-10-5,48,02549a62ff805a31dba66ec5bcc6ba35,1-e850e4afc344e3dd2db3744fb696f934,8195
17,28,Brigadeiro,-23.5683,-46.6482,10,49027,65,32,35,NORMAL,35,2019-9-29,65,02549a62ff805a31dba66ec5bcc78d7e,1-cceeee72786b01724119a2ba0bc91486,1349
26,40,Faria Lima,-23.5675,-46.6929,35,53406,32,32,35,NORMAL,11,2018-11-2,51,02549a62ff805a31dba66ec5bcc8e160,1-37e6626fc14811944456bd9932a908f9,8222
22,16,Trianon-Masp,-23.5634,-46.6544,8,43563,45,34,37,NORMAL,39,2018-1-24,38,02549a62ff805a31dba66ec5bccf200a,1-bc1487cd0daec8ab94abed220a45540c,1464
21,8,Trianon-Masp,-23.5634,-46.6544,43,43827,20,19,26,NORMAL,12,2018-9-7,31,02549a62ff805a31dba66ec5bcde6860,1-6665aa71c88b4508d543fb36e2e5ad5b,1687
14,41,Trianon-Masp,-23.5634,-46.6544,36,43835,65,58,3,REABASTECER,43,2018-9-21,5,02549a62ff805a31dba66ec5bcdf4b13,1-d02211e552494bfff333d9a607c3ce40,1701
17,29,Trianon-Masp,-23.5634,-46.6544,35,43925,4,86,5,REABASTECER,38,2018-10-22,6,02549a62ff805a31dba66ec5bce1ceda,1-bdd151047eda9c8c5137edcaa1cd7870,1732
12,24,Faria Lima,-23.5675,-46.6929,20,52876,26,86,38,NORMAL,32,2019-11-18,59,02549a62ff805a31dba66ec5bce3313e,1-a49797a0690f2e5565b823330fecab95,8598
20,22,Paraíso,-23.57677,-46.63933,8,70586,23,45,8,NORMAL,43,2019-9-15,35,02549a62ff805a31dba66ec5bce7d865,1-7800ae80ccf802cacd434b3d16c0993f,615
20,26,Brigadeiro,-23.5683,-46.6482,28,48671,34,21,30,NORMAL,30,2018-1-16,14,02549a62ff805a31dba66ec5bcf00b3e,1-bbb9aa7abce83c6ee30bf7f1ef55f965,736
21,2,Brigadeiro,-23.5683,-46.6482,22,49557,53,86,34,NORMAL,32,2018-2-7,13,02549a62ff805a31dba66ec5bcf17e2e,1-9cafcbd6d15236221ecea49f90be3795,757
10,16,Trianon-Masp,-23.5634,-46.6544,12,42433,16,39,21,NORMAL,17,2019-8-2,26,02549a62ff805a31dba66ec5bcf56de2,1-d279fa628e56250a0e59888a481b8cd8,2012
17,29,Trianon-Masp,-23.5634,-46.6544,36,42159,32,40,26,NORMAL,26,2019-8-10,40,02549a62ff805a31dba66ec5bcf5fd9a,1-1cd5e32c7fd5ff336dc912e07b1e6266,2020
19,23,Pinheiros,-23.5664,-46.703,34,79468,24,73,19,NORMAL,5,2018-10-22,65,02549a62ff805a31dba66ec5bcfa9dba,1-02cde495f4aca27c26a28b9f504b73df,8932
22,27,Brigadeiro,-23.5683,-46.6482,9,46892,56,66,43,NORMAL,31,2018-7-7,36,02549a62ff805a31dba66ec5bcfbc682,1-5c2e52322bb4440119e1d31f854e014e,907
43,16,Eucaliptos,-23.61,-46.6686,31,22846,19,17,43,NORMAL,24,2019-6-30,24,0256207811e09c8c7334be6f7600d223,1-b91232d893f373808a4eaebdd58e1dbc,16380
5,43,Trianon-Masp,-23.5634,-46.6544,37,43730,43,31,11,REABASTECER,34,2018-8-10,28,0256207811e09c8c7334be6f76066664,1-bd6832031ec4113f8e92fa2ad2cabb97,1660
35,20,Trianon-Masp,-23.5634,-46.6544,12,42974,40,64,43,NORMAL,29,2018-9-3,65,0256207811e09c8c7334be6f76086d9b,1-4752289463e7400c51654af901db4c5e,1683
43,35,Brás,-23.5451,-46.6162,23,70951,25,65,8,NORMAL,13,2019-6-18,22,0256207811e09c8c7334be6f760cdf4d,1-ff6c8281bf8ea8afed32928dcda686b2,4848
34,12,Trianon-Masp,-23.5634,-46.6544,17,44695,30,56,43,REABASTECER,39,2018-11-12,7,0256207811e09c8c7334be6f760e2387,1-82c2c92b342152717cc6d2d731bb7952,1752
39,26,Brás,-23.5451,-46.6162,8,71138,20,49,17,NORMAL,4,2019-8-22,38,0256207811e09c8c7334be6f761218bd,1-a2437e89e5363bdca9a7973c13236b41,4912
40,13,Trianon-Masp,-23.5634,-46.6544,37,44396,7,8,5,REABASTECER,10,2019-6-12,43,0256207811e09c8c7334be6f761fd4d8,1-e06283d46490c492675d4cee50dde7e9,1962
15,37,Trianon-Masp,-23.5634,-46.6544,31,45094,33,10,43,NORMAL,13,2019-12-28,65,0256207811e09c8c7334be6f762f99bd,1-05bbc7c420bbf5d466db296c99fdd65e,2158
43,14,Paraíso,-23.57677,-46.63933,35,72649,65,54,37,NORMAL,34,2018-1-13,42,0256207811e09c8c7334be6f76380d35,1-d9afc80ca3f859a5a2d1a87161ac7b00,13
39,11,Consolação,-23.5581,-46.6606,28,114319,39,53,26,NORMAL,24,2018-9-28,30,0256207811e09c8c7334be6f76453688,1-f7241a1e6c8a3a01806a6ed7dc179ecc,2428
5,16,Paraíso,-23.57677,-46.63933,43,74049,12,42,25,NORMAL,13,2018-11-2,18,0256207811e09c8c7334be6f765053b9,1-d6588346ec8f8638f867363f797b4098,302
2,9,Barra Funda,-23.5542,-46.6707,34,148392,41,77,22,REABASTECER,16,2019-11-23,9,0256207811e09c8c7334be6f7658373e,1-7b4546e50fdfe2d5c7e68a31317ec39f,5723
38,25,Consolação,-23.5581,-46.6606,28,111916,16,75,34,NORMAL,14,2019-5-26,22,0256207811e09c8c7334be6f7659d21a,1-ac3bbb59a92af000ae97ed37d07a52da,2666
43,13,Tatuapé,-23.5402,-46.5765,23,69858,10,31,11,NORMAL,43,2018-2-11,37,0256207811e09c8c7334be6f765ee62f,1-917b4514aa1ddb68019bcf1f34971ba7,5801
43,35,Tatuapé,-23.5402,-46.5765,43,67158,17,48,2,REABASTECER,8,2018-3-14,61,0256207811e09c8c7334be6f7661fe7b,1-e94a65fef3f55c3aea1793ca565535c0,5834
41,24,Paraíso,-23.57677,-46.63933,21,72148,35,17,21,NORMAL,17,2019-8-30,6,0256207811e09c8c7334be6f7669d5b5,1-40d64f138279181b6659a50b1b3c894d,600
23,23,Paraíso,-23.57677,-46.63933,26,70344,31,7,33,REABASTECER,26,2019-11-18,36,0256207811e09c8c7334be6f76710111,1-734e6815ce9ee91a73acf314800c5d9b,678
35,11,Paraíso,-23.57677,-46.63933,40,70194,61,30,10,NORMAL,38,2019-11-25,48,0256207811e09c8c7334be6f76717b54,1-de3f8e212760a2645a0edc9cab4c72c0,685
7,31,Tatuapé,-23.5402,-46.5765,17,69909,56,70,37,NORMAL,43,2018-11-15,1,0256207811e09c8c7334be6f7676621d,1-2f995efeef0ce5452db8fce19b384da7,6075
28,15,Brigadeiro,-23.5683,-46.6482,11,47800,46,64,32,NORMAL,16,2018-4-11,65,0256207811e09c8c7334be6f767ca0aa,1-815e4ce0ae9cbdf605ac6e5a79743623,821
37,14,Tatuapé,-23.5402,-46.5765,20,69228,3,41,21,REABASTECER,23,2019-4-16,33,0256207811e09c8c7334be6f768389e5,1-e28c0179d1dc8dce76ffba71a26dc790,6226
33,14,República,-23.5436,-46.6434,22,107444,36,44,36,NORMAL,27,2018-1-25,42,0256207811e09c8c7334be6f769b848f,1-9853d6a8f45abd13791de5de61f6d011,6505
8,19,Brigadeiro,-23.5683,-46.6482,22,48234,27,56,35,NORMAL,39,2019-6-10,17,0256207811e09c8c7334be6f769f55e7,1-5f0d5fa9d57a4e7449f4b744d237863d,1240
27,4,Tamanduateí,-23.59290,-46.5897,20,52961,47,86,26,NORMAL,6,2019-10-16,36,0256207811e09c8c7334be6f76a12d5b,1-0334a89fbace2f067e19e349cae38e21,3526
33,17,Tamanduateí,-23.59290,-46.5897,17,52038,57,73,23,NORMAL,10,2019-10-26,32,0256207811e09c8c7334be6f76a23b44,1-fbe61f94710b67c6c4e509dd4e16ebe9,3536
19,33,Brigadeiro,-23.5683,-46.6482,11,49829,8,8,6,NORMAL,19,2019-7-20,65,0256207811e09c8c7334be6f76a36780,1-22a67d7614a4b2b1784dfa470e18d96a,1280
11,34,Brigadeiro,-23.5683,-46.6482,7,48401,12,54,14,NORMAL,7,2019-12-16,35,0256207811e09c8c7334be6f76af7cd4,1-9da289ba53e30bfb737b09722d95ee0a,1426
36,10,Sé,-23.55,-46.6333,43,193845,65,41,24,NORMAL,43,2018-4-22,27,0256207811e09c8c7334be6f76b0c021,1-5c3f31ce3d2c68d0829518e7615abf5b,3712
43,39,República,-23.5436,-46.6434,15,108923,28,74,8,NORMAL,20,2018-11-20,30,0256207811e09c8c7334be6f76b51675,1-6e4b00976c9384c11803be416dfbeacf,6800
13,40,República,-23.5436,-46.6434,18,110604,65,57,22,NORMAL,30,2018-12-27,40,0256207811e09c8c7334be6f76b8918d,1-857e1ae057b66ff90efef14e6ccdaadd,6837
9,12,Trianon-Masp,-23.5634,-46.6544,37,42098,65,77,37,NORMAL,29,2018-4-26,46,0256207811e09c8c7334be6f76bb4f17,1-51b95c7abca932cad785ba56cd1a0cca,1556
35,41,Sé,-23.55,-46.6333,43,193399,46,19,13,NORMAL,10,2018-8-28,46,0256207811e09c8c7334be6f76bcdae7,1-a09297b5f258085b2df17b42de5da004,3838
20,35,Trianon-Masp,-23.5634,-46.6544,3,42015,5,65,16,REABASTECER,39,2018-7-27,56,0256207811e09c8c7334be6f76c3ce05,1-8fd63c3698ee150e5b1f155bb6ed5d9c,1647
35,20,Trianon-Masp,-23.5634,-46.6544,12,42974,40,64,43,NORMAL,29,2018-9-3,65,0256207811e09c8c7334be6f76c7153a,1-4752289463e7400c51654af901db4c5e,1683
26,43,Trianon-Masp,-23.5634,-46.6544,43,43649,65,18,19,NORMAL,7,2019-1-1,50,0256207811e09c8c7334be6f76d1286f,1-a70d30460227e60736287bab015a687a,1801
13,18,Sé,-23.55,-46.6333,13,194110,43,73,18,NORMAL,27,2019-5-15,10,0256207811e09c8c7334be6f76d2134e,1-686f400d594b0ff78b32ab00d2c2ac0c,4095
5,8,República,-23.5436,-46.6434,22,107815,19,86,34,NORMAL,15,2019-11-21,47,0256207811e09c8c7334be6f76d576c5,1-b2653997470ae6775e6eda2f67fcd86e,7161
33,31,Sé,-23.55,-46.6333,43,195133,22,49,32,NORMAL,20,2019-10-6,65,0256207811e09c8c7334be6f76ddd5fe,1-59700639b1a6e185e9ae4a60a21921ce,4236
23,17,Higienópolis-Mackenzie,-23.5488,-46.6519,32,93469,28,86,22,NORMAL,19,2018-6-24,46,0256207811e09c8c7334be6f76e85dfc,1-1a670788d9e6f9ece68f26a860edc242,7374
33,37,Higienópolis-Mackenzie,-23.5488,-46.6519,5,90305,52,12,34,REABASTECER,29,2018-7-2,60,0256207811e09c8c7334be6f76e90b71,1-b8ab967b5954f439ab56bcfff4f995fc,7382
10,20,Higienópolis-Mackenzie,-23.5488,-46.6519,16,92531,61,63,43,NORMAL,15,2018-9-14,34,0256207811e09c8c7334be6f76ef35e3,1-f53f84bdd96fe4275e1ca9a3197ccd95,7454
37,13,Consolação,-23.5581,-46.6606,9,114227,56,70,43,NORMAL,40,2018-1-12,50,0256207811e09c8c7334be6f76efe9b7,1-fd455c431e307763dd2ffbd2b0790e25,2172
34,43,Consolação,-23.5581,-46.6606,11,111786,26,3,3,NORMAL,28,2018-3-11,42,0256207811e09c8c7334be6f76f500da,1-1ecd7c20fc9c916ac78793d6518d2003,2231
26,18,Consolação,-23.5581,-46.6606,10,114587,31,60,11,NORMAL,43,2018-6-2,56,0256207811e09c8c7334be6f76fb40e9,1-6f838ca7738445eb5157e1b180d3889f,2312
17,14,Consolação,-23.5581,-46.6606,8,114810,15,40,7,NORMAL,38,2018-6-4,43,0256207811e09c8c7334be6f76fb6e62,1-3cc69b08ce3f5180ca4076d60411be11,2314
36,28,Eucaliptos,-23.61,-46.6686,37,23855,13,29,4,REABASTECER,20,2018-12-8,53,03c71ee1e03e15e8769e6b675f0345a5,1-e4aa49e665b1cd4e97e6f4f68c7bb945,16178
16,35,Barra Funda,-23.5542,-46.6707,18,149142,52,62,17,NORMAL,19,2018-5-4,65,03c71ee1e03e15e8769e6b675f051a7b,1-f8c2cec1477a33ffb0929c4da7b97eb8,5164
19,34,Barra Funda,-23.5542,-46.6707,26,148535,41,17,6,REABASTECER,3,2018-7-11,34,03c71ee1e03e15e8769e6b675f0a5284,1-5be6ad906c92186116fa8c5aca2811d6,5231
30,32,Eucaliptos,-23.61,-46.6686,4,23577,6,86,14,REABASTECER,43,2019-4-21,55,03c71ee1e03e15e8769e6b675f0cb4fd,1-f06f33684b37e91c912a0a86d36b5afc,16311
23,25,Eucaliptos,-23.61,-46.6686,41,24080,62,71,5,REABASTECER,36,2019-4-23,38,03c71ee1e03e15e8769e6b675f0cea3d,1-1a32578f0824a670fa486df7e2047afa,16313
7,42,Eucaliptos,-23.61,-46.6686,9,24749,38,2,43,REABASTECER,32,2019-5-17,65,03c71ee1e03e15e8769e6b675f0ea421,1-cddfbadd1ef7d6eb0a5aa1a9aedb1147,16337
19,13,Brooklin,-23.6263,-46.6878,13,28632,55,30,33,NORMAL,43,2019-5-24,29,03c71ee1e03e15e8769e6b675f1066a7,1-e1a4dde15b657b392e22ed2701678eac,14904
40,30,Barra Funda,-23.5542,-46.6707,21,150488,19,59,29,NORMAL,33,2019-7-15,31,03c71ee1e03e15e8769e6b675f2401aa,1-9df7bc12f50768fbd19506163f6ecc00,5595
12,25,Moema,-23.5489,-46.6388,43,20744,41,20,12,REABASTECER,6,2018-4-25,21,03c71ee1e03e15e8769e6b675f267d26,1-89a27de1887a28503599f5c4fa60c75e,16675
31,17,Barra Funda,-23.5542,-46.6707,12,147251,3,3,12,NORMAL,43,2019-9-22,52,03c71ee1e03e15e8769e6b675f28e31f,1-dd504915c13b82974b36f537f8973b42,5662
17,4,Campo Belo,-23.6188,-46.6823,29,24759,41,75,43,NORMAL,3,2018-5-13,57,03c71ee1e03e15e8769e6b675f299f3b,1-31f35cfe35eb0ad34e884a6f08638fe0,15253
7,20,Moema,-23.5489,-46.6388,7,19464,61,86,17,NORMAL,21,2018-6-27,53,03c71ee1e03e15e8769e6b675f2aa3ea,1-da20a467b1b99ef90a62737a9ee86aa9,16737
41,19,Barra Funda,-23.5542,-46.6707,3,148389,17,60,23,REABASTECER,22,2019-10-22,46,03c71ee1e03e15e8769e6b675f2af308,1-d06356448bcc7b70e3fca5ed8907bf59,5692
19,11,Campo Belo,-23.6188,-46.6823,8,25462,8,9,27,NORMAL,34,2018-7-22,56,03c71ee1e03e15e8769e6b675f2f1cf0,1-09b8d576f5721ac6df6af6eda4304282,15322
43,39,Moema,-23.5489,-46.6388,23,19035,17,40,13,NORMAL,40,2018-10-16,0,03c71ee1e03e15e8769e6b675f32f2f1,1-81d04ff3a8e02db7752e23f46cf7d1c0,16846
33,25,Hospital São Paulo,-23.5984,-46.6455,39,26364,21,86,16,NORMAL,26,2019-11-17,20,03c71ee1e03e15e8769e6b675f3c3a77,1-f3d8288346dda63e5db21155b8b28e61,16973
34,5,Tatuapé,-23.5402,-46.5765,43,70106,56,54,33,NORMAL,22,2018-8-15,53,03c71ee1e03e15e8769e6b675f430d31,1-57ce47f9bb3d35f3887068accf20e8c5,5985
27,30,Campo Belo,-23.6188,-46.6823,6,25778,11,17,23,REABASTECER,41,2019-5-16,30,03c71ee1e03e15e8769e6b675f446b0b,1-b421cefcd442516b48451e23321eebb1,15616
27,2,Tatuapé,-23.5402,-46.5765,39,69302,27,10,16,REABASTECER,18,2018-11-20,40,03c71ee1e03e15e8769e6b675f4a23e1,1-cee15cc53c0b4d4b2da99a2b67c77930,6080
7,25,Eucaliptos,-23.61,-46.6686,11,24995,18,22,14,NORMAL,18,2018-3-1,65,03c71ee1e03e15e8769e6b675f598582,1-6647e74fb3cac87c4aba232297e9b325,15901
25,23,Eucaliptos,-23.61,-46.6686,4,25561,39,27,33,REABASTECER,26,2018-3-19,5,03c71ee1e03e15e8769e6b675f5aa7ad,1-2c75817c492683d5c16f0578a78f8510,15919
24,33,Paraíso,-23.57677,-46.63933,4,72215,47,37,6,REABASTECER,13,2019-3-18,4,03c71ee1e03e15e8769e6b675f5fd904,1-e4de1d4927604992889dfd114cbb9f74,438
43,15,Paraíso,-23.57677,-46.63933,28,73185,19,53,20,NORMAL,31,2019-3-25,22,03c71ee1e03e15e8769e6b675f60632c,1-5706708c464772de1743b271e88c8f62,445
8,24,Eucaliptos,-23.61,-46.6686,12,25304,27,47,13,NORMAL,31,2018-8-3,65,03c71ee1e03e15e8769e6b675f64efd6,1-796d38d32c4f7af081b4e5c532a35cad,16053
35,35,Paraíso,-23.57677,-46.63933,8,70586,28,86,22,NORMAL,12,2019-7-7,36,03c71ee1e03e15e8769e6b675f67ccd9,1-494fb7b056a57bf8f49acf45a8992f59,547
5,8,República,-23.5436,-46.6434,9,108649,51,33,9,REABASTECER,40,2018-4-6,19,03c71ee1e03e15e8769e6b675f6f664c,1-6cc719a10b27b4bf42842dbe7ec5a110,6576
33,35,República,-23.5436,-46.6434,40,107257,14,73,32,NORMAL,20,2018-4-11,53,03c71ee1e03e15e8769e6b675f6f95f5,1-974b1093929755859efbd288a77dba3e,6581
10,15,Brigadeiro,-23.5683,-46.6482,43,49480,33,4,12,REABASTECER,24,2018-5-29,48,03c71ee1e03e15e8769e6b675f7e7578,1-4a676f83622a19f1e15d73031516247c,869
40,32,República,-23.5436,-46.6434,37,110085,14,86,43,NORMAL,15,2018-11-11,33,03c71ee1e03e15e8769e6b675f7e9422,1-68877a8d8764bba6404a3a8ff33374c0,6791
14,33,Brigadeiro,-23.5683,-46.6482,11,47999,48,4,21,REABASTECER,23,2018-6-8,46,03c71ee1e03e15e8769e6b675f7f1c16,1-f950632df3f3d5f47df05d1cb04b87d2,878
26,6,Eucaliptos,-23.61,-46.6686,14,23456,50,78,35,REABASTECER,31,2019-8-28,21,03c71ee1e03e15e8769e6b675f80fb41,1-5127092afa3b2b59908f4e0e99c4febd,16438
40,25,Brigadeiro,-23.5683,-46.6482,9,48144,50,62,11,NORMAL,36,2018-10-17,22,03c71ee1e03e15e8769e6b675f877990,1-392ea8cda0929b5b1f6d947a8772e8cc,1007
32,29,República,-23.5436,-46.6434,21,108452,13,33,43,NORMAL,36,2019-3-20,65,03c71ee1e03e15e8769e6b675f87fcb2,1-3df79a14a36251f05660003b49e15f07,6920
38,22,República,-23.5436,-46.6434,34,110219,11,45,23,NORMAL,10,2019-5-20,38,03c71ee1e03e15e8769e6b675f8bfd72,1-de29b28ed3f27eec30377d23eaca14a9,6980
5,34,República,-23.5436,-46.6434,23,108622,34,33,37,NORMAL,26,2019-7-30,13,03c71ee1e03e15e8769e6b675f916819,1-48e24c28997d0bcc55c53d4b69ce0c1a,7050
12,14,Brigadeiro,-23.5683,-46.6482,17,47360,42,86,43,NORMAL,13,2019-5-28,35,03c71ee1e03e15e8769e6b675f96296e,1-7f8e234d11ff68db53371daa51fb9788,1228
31,2,Brigadeiro,-23.5683,-46.6482,2,48486,65,8,16,NORMAL,16,2019-6-15,52,03c71ee1e03e15e8769e6b675f9723ed,1-fe62baeafb0aa101ab697a195a480485,1245
29,15,Brigadeiro,-23.5683,-46.6482,35,45993,20,23,18,NORMAL,30,2019-7-28,8,03c71ee1e03e15e8769e6b675f9a2f51,1-a90fe450c37eb0bce48acf6d85fe0e3e,1288
31,43,Moema,-23.5489,-46.6388,41,19161,10,76,37,REABASTECER,34,2018-9-16,5,03c71ee1e03e15e8769e6b675f9a7143,1-e89d4f1a214738e05d4b94bd6079a0f3,16816
14,37,Brigadeiro,-23.5683,-46.6482,15,46830,58,59,43,NORMAL,5,2019-8-3,41,03c71ee1e03e15e8769e6b675f9a7a4c,1-22da07bd3863df802623ed7931ee1c91,1293
16,32,Higienópolis-Mackenzie,-23.5488,-46.6519,13,91338,19,52,11,NORMAL,23,2018-3-22,28,03c71ee1e03e15e8769e6b675fa17f43,1-8accc62de52251843135ed6b3385172e,7282
7,39,Hospital São Paulo,-23.5984,-46.6455,31,24266,33,55,38,NORMAL,43,2019-11-3,43,03c71ee1e03e15e8769e6b675fa45a8c,1-d7b06af2cd5018ebd7dd9cb864a09633,16959
16,31,Trianon-Masp,-23.5634,-46.6544,12,43353,41,73,24,REABASTECER,39,2018-6-1,6,03c71ee1e03e15e8769e6b675faf38ca,1-c7b3fa52b4c3cfeefff5a47e251e46c5,1591
16,9,Paraíso,-23.57677,-46.63933,28,73146,36,28,15,REABASTECER,37,2018-4-14,1,03c71ee1e03e15e8769e6b675fafd0ab,1-f7ccf3713c020fc4b9e62d03286b29c0,104
30,43,Higienópolis-Mackenzie,-23.5488,-46.6519,7,91171,8,86,22,REABASTECER,13,2019-10-1,25,03c71ee1e03e15e8769e6b675fc7be9e,1-ea2fd913c6425229cb902fc7e8deb39f,7831
31,23,Trianon-Masp,-23.5634,-46.6544,12,42209,22,67,29,NORMAL,40,2019-10-9,12,03c71ee1e03e15e8769e6b675fcf2e00,1-2169de3c86a64a708a39d8cb752abaa0,2079
17,31,Consolação,-23.5581,-46.6606,33,113348,1,68,14,NORMAL,36,2018-6-26,17,03c71ee1e03e15e8769e6b675fdfe09c,1-2eb97c623ff3cd92e747a89ec649c342,2336
35,24,Brigadeiro,-23.5683,-46.6482,26,48792,11,50,38,NORMAL,39,2018-8-26,38,03c71ee1e03e15e8769e6b675fe78504,1-e9502e3c049f0acc5587ad18a2a3f34a,956
21,39,Brigadeiro,-23.5683,-46.6482,33,48171,32,42,11,NORMAL,28,2018-12-14,17,03c71ee1e03e15e8769e6b675feee6cc,1-202957dbd4b48c820365f30da233e5d1,1064
3,41,Brigadeiro,-23.5683,-46.6482,25,47640,7,71,37,NORMAL,14,2018-12-29,40,03c71ee1e03e15e8769e6b675fefb508,1-400b1e2025f7a49f521089f3168cccb9,1079
24,36,Brigadeiro,-23.5683,-46.6482,38,48658,47,69,7,NORMAL,4,2019-6-18,38,03c71ee1e03e15e8769e6b675ffa8154,1-bf4dd4b5947fe8ee72bae4319f8249f2,1248
15,27,Consolação,-23.5581,-46.6606,43,111806,23,56,20,NORMAL,33,2019-9-4,17,03c71ee1e03e15e8769e6b675ffab9ca,1-b3da879d048361e43352e21d89e81f96,2764
15,10,República,-23.5436,-46.6434,43,108128,20,78,21,NORMAL,15,2019-10-15,38,04221a74d12907822787120d3f006edd,1-116ca6a083b222cdce2f756dff3d1573,7125
43,43,Ana Rosa,-23.5813,-46.6383,28,66695,33,75,6,REABASTECER,18,2019-7-9,7,04221a74d12907822787120d3f010750,1-968bc4aeb698f6e75af978e3739923e0,12069
26,11,Ana Rosa,-23.5813,-46.6383,43,63797,32,52,31,REABASTECER,2,2019-11-11,39,04221a74d12907822787120d3f0a3be8,1-48446f9117dd5ba8b2439e33d9de32e8,12191
36,26,Higienópolis-Mackenzie,-23.5488,-46.6519,4,89602,50,50,28,NORMAL,7,2018-2-26,12,04221a74d12907822787120d3f0a5ac3,1-1cad824d3041f595d590910fb27193a5,7256
22,35,Higienópolis-Mackenzie,-23.5488,-46.6519,19,90938,28,60,16,NORMAL,29,2018-3-21,36,04221a74d12907822787120d3f0c1a5d,1-ed8ed620683f052432b11546faf4b64d,7281
23,10,Higienópolis-Mackenzie,-23.5488,-46.6519,21,91062,46,86,31,NORMAL,43,2018-5-19,32,04221a74d12907822787120d3f107d03,1-2cf5452ed7ff1d1a69df6a8575698d95,7339
34,35,Higienópolis-Mackenzie,-23.5488,-46.6519,9,91346,44,54,28,NORMAL,28,2018-7-14,47,04221a74d12907822787120d3f14b022,1-56c6797bc6803927f3286913f927bfac,7394
5,34,São Joaquim,-23.5618,-46.6389,43,35056,65,79,13,REABASTECER,4,2018-4-28,41,04221a74d12907822787120d3f169586,1-70d681ea71eafb4c5be4b181a86da2f2,12358
37,26,São Joaquim,-23.5618,-46.6389,39,35848,38,45,43,NORMAL,35,2018-5-1,22,04221a74d12907822787120d3f16b8f8,1-1fa4dba49def9b0a08e7f98a278a2e92,12361
37,40,São Joaquim,-23.5618,-46.6389,3,34212,38,52,43,REABASTECER,20,2018-9-26,30,04221a74d12907822787120d3f216fca,1-3711efa2763baabc9fbac8514ac36197,12506
22,40,Tatuapé,-23.5402,-46.5765,43,67874,56,79,40,NORMAL,16,2018-10-9,51,04221a74d12907822787120d3f276e1b,1-27bddcb490eb1c43345b9e56b04bf680,6039
39,26,Higienópolis-Mackenzie,-23.5488,-46.6519,19,92513,45,27,10,NORMAL,21,2019-4-19,65,04221a74d12907822787120d3f27c628,1-6785b9ffcfff748174a6f7722c5be9da,7669
10,31,São Joaquim,-23.5618,-46.6389,21,33122,65,33,34,NORMAL,23,2019-1-29,56,04221a74d12907822787120d3f2ac0a3,1-5e2fd5029d6dadfdedaa47d755e36d93,12629
9,28,Tatuapé,-23.5402,-46.5765,25,67758,40,47,1,NORMAL,37,2019-1-20,6,04221a74d12907822787120d3f2efba9,1-2010992a26b45f3b019e1181781977d5,6140
3,2,São Joaquim,-23.5618,-46.6389,39,33010,11,46,14,NORMAL,11,2019-6-29,20,04221a74d12907822787120d3f3683ae,1-bb4a1d63369ae0811bb43cf6650ad924,12779
26,29,São Joaquim,-23.5618,-46.6389,25,34407,56,46,2,REABASTECER,6,2019-8-4,26,04221a74d12907822787120d3f3903ab,1-ad1ace0eddec10fb28ddf7ebf5a5b146,12814
7,37,Tatuapé,-23.5402,-46.5765,17,68045,60,70,8,NORMAL,15,2019-8-26,31,04221a74d12907822787120d3f3fa0bf,1-40583b0e069859a9c38ada4564a2343c,6356
10,16,Tatuapé,-23.5402,-46.5765,26,67965,30,58,17,NORMAL,20,2019-11-10,57,04221a74d12907822787120d3f453d58,1-000cda1a9fc94bac3f968e5c6437d210,6430
4,41,República,-23.5436,-46.6434,40,110054,42,41,43,REABASTECER,3,2018-2-13,54,04221a74d12907822787120d3f4c2498,1-af29f9a9994a6c1325f7624ff273b2a9,6523
41,12,São Judas,-23.6255,-46.6411,10,14076,65,43,43,NORMAL,26,2018-5-3,23,04221a74d12907822787120d3f4d9b4d,1-028b1df01f069a79eea6c02a71f93d51,13083
11,34,Faria Lima,-23.5675,-46.6929,27,52077,18,65,29,NORMAL,38,2018-11-16,23,04221a74d12907822787120d3f52a2ea,1-bc7272c2c75e18274752d7c99ed9af57,8236
43,22,República,-23.5436,-46.6434,11,109519,65,69,16,NORMAL,18,2018-6-29,44,04221a74d12907822787120d3f55c32b,1-c9d5dd87c807f4a6133e95226c5ee771,6659
10,31,Faria Lima,-23.5675,-46.6929,43,52644,30,47,40,NORMAL,33,2019-2-1,21,04221a74d12907822787120d3f57b64b,1-e051ba8bdb78e6d7a4334e6a388907d6,8311
30,10,República,-23.5436,-46.6434,37,107917,23,6,43,NORMAL,6,2018-12-23,65,04221a74d12907822787120d3f61d8a3,1-3fd57fc4c246bf224dfd888817d89f22,6833
5,34,Faria Lima,-23.5675,-46.6929,19,51265,11,41,41,NORMAL,25,2019-8-2,35,04221a74d12907822787120d3f65431a,1-0b12755843534ece9bbd717882f0d827,8492
17,26,São Judas,-23.6255,-46.6411,9,14952,47,8,28,NORMAL,27,2019-2-22,65,04221a74d12907822787120d3f6563c9,1-3367cf8ac1ade38a90261e4f3359ba5b,13372
32,43,São Judas,-23.6255,-46.6411,35,16672,13,50,23,NORMAL,40,2019-4-20,35,04221a74d12907822787120d3f69abfc,1-d416d8d2e305f54fb4ea671728668fea,13430
26,10,São Judas,-23.6255,-46.6411,32,14453,49,14,27,NORMAL,36,2019-7-11,35,04221a74d12907822787120d3f7088cf,1-260faa284c46467ebb5ac082bbef129e,13511
12,9,Pinheiros,-23.5664,-46.703,38,77461,34,86,40,NORMAL,30,2018-3-10,50,04221a74d12907822787120d3f75e5a1,1-b6cb0dfda704ed43afbb45f7419164dc,8710
39,37,Vila Mariana,-23.5895,-46.6346,39,21306,55,78,41,NORMAL,38,2018-1-2,60,04221a74d12907822787120d3f7db301,1-83b090521116b9774f91be86946e3af8,13682
41,18,Vila Mariana,-23.5895,-46.6346,20,21349,54,36,29,NORMAL,43,2018-1-24,39,04221a74d12907822787120d3f7f3a22,1-01b7d792f3a0651e5970c53ed1516082,13704
26,29,Vila Mariana,-23.5895,-46.6346,17,23941,7,34,2,REABASTECER,19,2018-4-6,65,04221a74d12907822787120d3f85e33e,1-ae03659d6c55956845f99a4012a05f6d,13776
21,28,Pinheiros,-23.5664,-46.703,11,77487,27,72,43,REABASTECER,43,2018-12-7,6,04221a74d12907822787120d3f89974f,1-9174b738ba8f04784620e48d42181ffa,8977
20,15,Vila Mariana,-23.5895,-46.6346,43,23796,45,76,18,NORMAL,18,2018-7-3,59,04221a74d12907822787120d3f8c97cd,1-9401de0faae884f0243a3d465e6b3715,13863
1,24,Pinheiros,-23.5664,-46.703,17,77769,61,86,8,NORMAL,37,2019-3-21,17,04221a74d12907822787120d3f91fc0f,1-e56b50b47b99bbc84855fdd5f85491d1,9081
21,15,Pinheiros,-23.5664,-46.703,9,78070,56,55,24,NORMAL,16,2019-4-20,65,04221a74d12907822787120d3f946571,1-d7aaf3fb6a317311336bb8659a1b1306,9110
7,13,Pinheiros,-23.5664,-46.703,27,79301,65,27,9,NORMAL,17,2019-6-15,65,04221a74d12907822787120d3f996621,1-ab0acc87849a19ece791f6cfe7d4be0e,9165
4,21,Higienópolis-Mackenzie,-23.5488,-46.6519,29,90541,28,54,12,NORMAL,35,2019-1-12,61,04221a74d12907822787120d3f9ac3ab,1-5e42e57b7cd49ef28da33bfe6b8f3fff,7572
28,4,Pinheiros,-23.5664,-46.703,20,78295,8,58,29,NORMAL,20,2019-8-6,47,04221a74d12907822787120d3f9c33d1,1-dea79014f0ccea5bddefc3e62f4ec6d2,9216
20,20,Pinheiros,-23.5664,-46.703,43,77029,34,35,15,NORMAL,39,2019-10-4,29,04221a74d12907822787120d3fa1099c,1-7201db8b1e3180c69991af4f15836632,9274
6,27,Vila Mariana,-23.5895,-46.6346,17,24824,51,86,37,REABASTECER,6,2019-2-30,16,04221a74d12907822787120d3fa1c217,1-c892931144bcc1396499b2ab3514f350,14100
23,6,Higienópolis-Mackenzie,-23.5488,-46.6519,27,91559,8,20,15,REABASTECER,19,2019-6-30,29,04221a74d12907822787120d3fa85b7c,1-c31caea1433ba482e76ba3483ca39c80,7740
43,12,Butantã,-23.5844,-46.7252,37,66827,58,86,35,NORMAL,8,2018-2-16,11,04221a74d12907822787120d3fab406b,1-b8a4cc530b584db54b9d6217e28ea247,9406
43,15,Vila Mariana,-23.5895,-46.6346,5,21532,34,45,16,NORMAL,11,2019-8-23,47,04221a74d12907822787120d3fb042bb,1-e44235e2a244b83c50549176878062ce,14273
17,19,Butantã,-23.5844,-46.7252,21,65439,65,66,9,NORMAL,18,2018-5-7,27,04221a74d12907822787120d3fb19a9a,1-c9b3877e642f7b4974673b86c1a6ff5b,9487
11,25,Higienópolis-Mackenzie,-23.5488,-46.6519,29,89801,54,58,36,REABASTECER,33,2019-11-19,7,04221a74d12907822787120d3fb31c67,1-3a97558825ca1b5713b623878938022a,7879
3,43,Butantã,-23.5844,-46.7252,21,64228,2,17,28,REABASTECER,13,2018-11-22,65,04221a74d12907822787120d3fbf84a9,1-02e843ed648cbad3f3dbd4cfc77f1de8,9682
21,10,Brooklin,-23.6263,-46.6878,14,26588,18,60,30,NORMAL,23,2018-6-7,48,04221a74d12907822787120d3fc71c72,1-ac7f4674bf3f8e5733841db1383282a4,14557
5,21,Faria Lima,-23.5675,-46.6929,26,54720,65,63,17,NORMAL,30,2018-9-24,65,04221a74d12907822787120d3fca2b7c,1-e0ab18c39d89dbf572856ee5f6beb6cd,8184
9,38,Butantã,-23.5844,-46.7252,43,66031,11,68,35,NORMAL,19,2019-7-11,50,04221a74d12907822787120d3fd0a058,1-2064075412d20a901609a429a5798812,9911
37,40,Faria Lima,-23.5675,-46.6929,3,53525,56,30,17,REABASTECER,2,2019-4-24,21,04221a74d12907822787120d3fda66fc,1-65d9ac8ccfb00869235744446ca43866,8394
19,34,Butantã,-23.5844,-46.7252,23,64171,23,22,27,NORMAL,21,2019-12-17,25,04221a74d12907822787120d3fdc15ae,1-e68328c41001a9a1109a4be5592f5cd5,10067
16,33,Brooklin,-23.6263,-46.6878,33,29800,41,54,33,NORMAL,7,2019-3-10,41,04221a74d12907822787120d3fdc34cf,1-ebbb00819a2d404241c3e24abe845bc0,14830
33,10,Fradique Coutinho,-23.5661,-46.6841,31,35817,52,34,9,REABASTECER,6,2018-2-3,35,04221a74d12907822787120d3fdf4e7e,1-183d03acf4baa8322924d01d97d6ea9b,10113
43,3,Brooklin,-23.6263,-46.6878,43,28302,33,74,39,NORMAL,17,2019-7-11,42,04221a74d12907822787120d3fe57d75,1-4871d376dbeece63d7f8f7556e7eb2ee,14951
31,30,Fradique Coutinho,-23.5661,-46.6841,37,36819,30,8,4,NORMAL,3,2018-6-8,9,04221a74d12907822787120d3fe8a845,1-b6c962c12092bac72f6232152558bf82,10238
26,14,Brooklin,-23.6263,-46.6878,42,28002,63,24,12,NORMAL,37,2019-9-9,55,04221a74d12907822787120d3fe9a4ea,1-3487e22bdf17fe0fa80f83e0c7d315f3,15009
16,40,Faria Lima,-23.5675,-46.6929,35,53045,32,13,9,NORMAL,43,2019-11-26,65,04221a74d12907822787120d3fea1da8,1-d8d00bc893e8e3e0461dd8119c2cba1c,8606
8,43,Faria Lima,-23.5675,-46.6929,34,51469,16,61,2,REABASTECER,33,2019-12-9,33,04221a74d12907822787120d3feaf3d9,1-cde352e26a73201d4b1bc2209545a55a,8619
25,4,Pinheiros,-23.5664,-46.703,28,79486,58,5,18,REABASTECER,5,2018-3-27,65,04221a74d12907822787120d3ff298cf,1-787fa7e8a2a54bf5001b4144b91fc4dc,8727
39,23,Campo Belo,-23.6188,-46.6823,8,23132,46,86,15,NORMAL,19,2018-2-23,65,04221a74d12907822787120d3ff57ef2,1-9f93f06147aaecd8d358d901a4798cd7,15173
17,14,Campo Belo,-23.6188,-46.6823,43,24991,60,64,4,REABASTECER,2,2018-4-10,47,04221a74d12907822787120d3ff8e67a,1-73e8b9b5062fc8ee9b94b15310323720,15220
5,8,Fradique Coutinho,-23.5661,-46.6841,23,34525,57,51,32,REABASTECER,34,2019-2-18,57,04221a74d12907822787120d3ffb0769,1-d7a6eb2bddecc224a4ea8847501e2334,10488
32,20,Campo Belo,-23.6188,-46.6823,40,24663,6,26,14,NORMAL,20,2018-5-9,25,04221a74d12907822787120d3ffb3241,1-f835b9a3048e5216db711e967a6e5c2f,15249
33,16,Tamanduateí,-23.59290,-46.5897,22,52232,65,18,34,NORMAL,17,2019-10-14,56,044eb0e8d2495b18cc59e4cf2d094785,1-eec102e070f373654775fb2c8146f670,3524
7,19,São Joaquim,-23.5618,-46.6389,21,36104,55,57,31,NORMAL,15,2019-1-18,65,044eb0e8d2495b18cc59e4cf2d14f54d,1-8e0d2a0519499049d2447d46186d8e59,12618
41,14,Vila Mariana,-23.5895,-46.6346,19,22383,41,18,25,NORMAL,43,2018-12-7,47,044eb0e8d2495b18cc59e4cf2d250bb7,1-d1f5a7d203fd55401c9ce78890246ebf,14017
14,40,Sé,-23.55,-46.6333,36,191530,40,6,26,REABASTECER,31,2019-3-22,65,044eb0e8d2495b18cc59e4cf2d2cdbdc,1-a72d3ef88ffb5c2f4af0ae7b334d8fbd,4042
31,24,Vila Mariana,-23.5895,-46.6346,32,21150,52,32,22,NORMAL,38,2019-4-28,65,044eb0e8d2495b18cc59e4cf2d2e8c1a,1-68be699e85d4cd57d38cfd3f38703d58,14158
30,23,Sé,-23.55,-46.6333,13,192069,65,67,38,NORMAL,9,2019-4-30,65,044eb0e8d2495b18cc59e4cf2d2f9986,1-bd85ec3fb8a7c1e7daaef2fedd250844,4080
25,19,Sé,-23.55,-46.6333,12,195144,55,55,32,REABASTECER,3,2019-5-1,58,044eb0e8d2495b18cc59e4cf2d2fb97f,1-96faf9ee34b0754b680800baeb275d35,4081
27,43,Sé,-23.55,-46.6333,7,192706,48,45,43,REABASTECER,6,2019-9-4,26,044eb0e8d2495b18cc59e4cf2d39093b,1-ab8a71be450e453432ce3de0fc78ebc5,4204
17,40,Sé,-23.55,-46.6333,6,194014,54,86,22,REABASTECER,9,2019-11-1,10,044eb0e8d2495b18cc59e4cf2d3ccd22,1-df82c56e0c39ab7e2e88ea9b99b6602c,4261
15,34,São Judas,-23.6255,-46.6411,24,14786,20,35,23,NORMAL,28,2018-11-9,40,044eb0e8d2495b18cc59e4cf2d4260cd,1-93e6c943b96dd2b24ccbcd7ed43670dc,13269
36,27,Brooklin,-23.6263,-46.6878,10,27174,16,36,15,NORMAL,31,2018-2-20,42,044eb0e8d2495b18cc59e4cf2d4351a4,1-1d7685e0b4b801022386c9e2396c4584,14450
8,5,Brooklin,-23.6263,-46.6878,24,28359,65,76,8,NORMAL,13,2018-5-9,56,044eb0e8d2495b18cc59e4cf2d48e4ac,1-96ef5ba00a861a8a8f9cfba7b619f8b6,14529
33,3,São Judas,-23.6255,-46.6411,22,16792,52,57,29,NORMAL,40,2019-6-29,54,044eb0e8d2495b18cc59e4cf2d5268a5,1-298a47dfc7c2274fbc2c44fcd29ac234,13499
8,43,Brás,-23.5451,-46.6162,43,73908,19,28,11,NORMAL,34,2018-11-5,51,044eb0e8d2495b18cc59e4cf2d56ff50,1-66020f4ac2be6f3e0154c0b3ebbba7b7,4625
37,20,Brooklin,-23.6263,-46.6878,38,29858,13,67,20,NORMAL,10,2018-12-5,43,044eb0e8d2495b18cc59e4cf2d5711b9,1-ec58f88aa86d48538532d5fe6e153d5d,14735
25,8,Vila Mariana,-23.5895,-46.6346,12,24926,37,86,16,REABASTECER,27,2018-1-28,4,044eb0e8d2495b18cc59e4cf2d61c02c,1-7fb41ba3c6390f84f5787b97bfb44dde,13708
11,37,Vila Mariana,-23.5895,-46.6346,36,21962,13,34,37,NORMAL,10,2018-2-3,39,044eb0e8d2495b18cc59e4cf2d62246e,1-e70e61469b3e3351f14fcb55e509d19c,13713
33,11,Brooklin,-23.6263,-46.6878,6,26386,11,4,7,REABASTECER,30,2019-5-9,65,044eb0e8d2495b18cc59e4cf2d62a8f6,1-38b9d049b75be8c5131b1344d14d68a5,14889
34,10,Vila Mariana,-23.5895,-46.6346,28,22214,65,30,6,REABASTECER,28,2018-4-16,58,044eb0e8d2495b18cc59e4cf2d67c2f0,1-2e54804aa765379bc9898c770144da12,13786
10,41,Vila Mariana,-23.5895,-46.6346,11,23213,36,28,22,NORMAL,5,2018-5-3,65,044eb0e8d2495b18cc59e4cf2d68f4ea,1-7858c9ba503171cccdeb14f4ccaace7c,13803
13,6,Brooklin,-23.6263,-46.6878,37,29677,53,86,6,NORMAL,24,2019-9-12,35,044eb0e8d2495b18cc59e4cf2d6bd65d,1-64b536c30f63b9415649993bb772abf0,15012
14,21,Brás,-23.5451,-46.6162,29,71211,44,36,40,NORMAL,18,2019-10-22,17,044eb0e8d2495b18cc59e4cf2d70c88c,1-4375e5466e3c1122274fd1ea1a985f9b,4972
21,43,Campo Belo,-23.6188,-46.6823,25,23087,22,76,17,NORMAL,11,2018-1-19,22,044eb0e8d2495b18cc59e4cf2d748744,1-a37bb6ce72c3c4fa827f3eaffebac1cb,15139
13,6,Campo Belo,-23.6188,-46.6823,43,26756,60,39,11,NORMAL,17,2018-8-6,16,044eb0e8d2495b18cc59e4cf2d82a3db,1-b60c7f1405770de347f8e507b25646c8,15336
36,25,Barra Funda,-23.5542,-46.6707,11,148195,24,74,23,NORMAL,28,2018-11-12,37,044eb0e8d2495b18cc59e4cf2d8b9319,1-b98e6656832bb75b3b073f8281d7d65f,5352
7,12,Vila Mariana,-23.5895,-46.6346,12,24461,31,44,23,REABASTECER,43,2019-12-25,9,044eb0e8d2495b18cc59e4cf2d9335a3,1-ab0918a63f46b5f77496fcffc2a5e37e,14395
43,38,Brooklin,-23.6263,-46.6878,18,29272,20,13,26,NORMAL,33,2018-3-10,39,044eb0e8d2495b18cc59e4cf2d988938,1-439835e93e73e9f14552e113cd70689a,14470
15,23,Barra Funda,-23.5542,-46.6707,13,149822,30,29,38,NORMAL,4,2019-6-30,3,044eb0e8d2495b18cc59e4cf2d9bf115,1-20e947cc5249b6e41a4180e813e7dde2,5580
8,36,Eucaliptos,-23.61,-46.6686,31,22503,15,6,15,REABASTECER,11,2018-3-12,50,044eb0e8d2495b18cc59e4cf2dab0dc8,1-ad006e585112897ed7de456678210f1f,15912
28,26,Eucaliptos,-23.61,-46.6686,6,24162,57,41,25,REABASTECER,30,2018-5-2,43,044eb0e8d2495b18cc59e4cf2daec725,1-f4a3efa0ada2f06f54daa3f417fda9f9,15962
7,25,Brooklin,-23.6263,-46.6878,26,28172,27,86,15,NORMAL,36,2019-3-25,12,044eb0e8d2495b18cc59e4cf2db3a145,1-4b6c23d95af9f02452741b8e698e3e6a,14845
35,6,Brooklin,-23.6263,-46.6878,19,28739,15,86,22,REABASTECER,7,2019-8-16,5,044eb0e8d2495b18cc59e4cf2dbe5044,1-ed26b8dc9284ac5cbd93a1afa6afb796,14986
22,39,Tatuapé,-23.5402,-46.5765,32,67616,13,15,7,NORMAL,11,2018-11-11,25,044eb0e8d2495b18cc59e4cf2dbf764e,1-350590124659c15da98235942d6f2a74,6071
8,16,Eucaliptos,-23.61,-46.6686,7,24479,11,86,18,NORMAL,24,2019-2-11,11,044eb0e8d2495b18cc59e4cf2dc2af93,1-f1a13480ec1a4982cf148d2d85134e09,16241
9,10,Campo Belo,-23.6188,-46.6823,40,26187,33,53,15,NORMAL,16,2018-1-30,10,044eb0e8d2495b18cc59e4cf2dc89c7b,1-0f5369164481b5984ba8b61f1de5680e,15150
20,38,Campo Belo,-23.6188,-46.6823,30,26966,7,11,6,NORMAL,2,2018-3-18,5,044eb0e8d2495b18cc59e4cf2dcb8e1f,1-28fe4d5a88c80a709c0c82ce2606bc05,15198
23,39,Tatuapé,-23.5402,-46.5765,29,68993,14,74,24,REABASTECER,43,2019-6-4,8,044eb0e8d2495b18cc59e4cf2dcc8439,1-4d8cbe20167d8407d9c80a483750f0c5,6274
12,14,Campo Belo,-23.6188,-46.6823,40,23172,58,56,43,NORMAL,43,2018-4-11,39,044eb0e8d2495b18cc59e4cf2dcce881,1-239862f8b18f945fc50d3a18efa413d3,15221
14,39,Campo Belo,-23.6188,-46.6823,5,26237,47,21,39,REABASTECER,40,2018-4-23,9,044eb0e8d2495b18cc59e4cf2dcda734,1-1b1de483f71adc3cce8f06689786a7e8,15233
19,36,Moema,-23.5489,-46.6388,30,18965,16,32,36,NORMAL,28,2018-5-11,43,044eb0e8d2495b18cc59e4cf2de187cc,1-8e1dafe72db1090dcf0eca59b1886c67,16691
26,37,Campo Belo,-23.6188,-46.6823,8,24501,21,30,22,REABASTECER,43,2019-4-1,3,044eb0e8d2495b18cc59e4cf2de593dd,1-9509507f5923d3ea3e4934930a534791,15571
10,11,República,-23.5436,-46.6434,22,110118,37,75,12,NORMAL,26,2018-10-5,39,044eb0e8d2495b18cc59e4cf2dee362d,1-e9b464760b6d21e1dd497bd9e4f71223,6755
14,33,Eucaliptos,-23.61,-46.6686,11,23406,36,64,17,NORMAL,20,2018-4-2,43,044eb0e8d2495b18cc59e4cf2dfdfedb,1-03a6753663b736311abd83f8dbf8da09,15932
39,27,República,-23.5436,-46.6434,19,108690,17,8,28,REABASTECER,21,2019-6-10,31,044eb0e8d2495b18cc59e4cf2dff8129,1-7b3b3d312933892dcc154995a4dc8caf,7000
43,24,São Joaquim,-23.5618,-46.6389,34,34249,62,86,14,NORMAL,14,2018-12-18,65,04c61c5bcb327fa57527ea47f30e21c5,1-63979bb6fa42f8be4b4ff363d874e974,12588
31,43,Higienópolis-Mackenzie,-23.5488,-46.6519,18,90725,31,57,15,REABASTECER,43,2019-8-28,4,04c61c5bcb327fa57527ea47f3108e61,1-2f91b1499dc997c7697b179f84f26fe9,7798
5,13,Higienópolis-Mackenzie,-23.5488,-46.6519,17,92832,40,47,36,NORMAL,26,2019-9-26,56,04c61c5bcb327fa57527ea47f312f23a,1-52546788381593ce039fe424618588eb,7826
13,15,São Joaquim,-23.5618,-46.6389,10,32853,65,6,33,REABASTECER,9,2019-4-3,37,04c61c5bcb327fa57527ea47f3176c9d,1-ebe0b77a3010d27ac93e8e2f9bc95bf1,12693
11,18,Higienópolis-Mackenzie,-23.5488,-46.6519,12,93316,65,3,28,NORMAL,35,2019-12-21,58,04c61c5bcb327fa57527ea47f31a48ef,1-08ce75b08e75ecec06932bc582f6d9b9,7911
43,10,São Joaquim,-23.5618,-46.6389,24,33402,35,34,12,REABASTECER,35,2019-12-4,8,04c61c5bcb327fa57527ea47f32c47e6,1-00e9095b5cd046e2382412dce1ffdb02,12934
8,21,Faria Lima,-23.5675,-46.6929,25,54108,60,24,26,NORMAL,24,2018-8-22,26,04c61c5bcb327fa57527ea47f32eff33,1-eacca158efd1c46656b80ad10fbf8212,8152
37,5,Faria Lima,-23.5675,-46.6929,42,53022,46,58,4,NORMAL,16,2018-9-16,46,04c61c5bcb327fa57527ea47f331039a,1-e38dff2746bcded9b9323fac3afa2320,8176
22,32,São Judas,-23.6255,-46.6411,9,13706,6,86,12,REABASTECER,29,2018-2-16,20,04c61c5bcb327fa57527ea47f332146f,1-37ec94203a8a9d254bd6c1e6abc657b4,13006
43,38,Faria Lima,-23.5675,-46.6929,20,51879,19,86,35,NORMAL,27,2018-12-30,45,04c61c5bcb327fa57527ea47f338d1ea,1-b14e69c9bab46cd7831205a73293c3f9,8280
22,40,Fradique Coutinho,-23.5661,-46.6841,10,33244,58,67,12,NORMAL,28,2019-12-7,14,04c61c5bcb327fa57527ea47f33a5f44,1-39ac88abd821c639ce14b99029ecfb0e,10777
40,34,São Judas,-23.6255,-46.6411,22,13684,50,46,1,NORMAL,12,2018-10-11,39,04c61c5bcb327fa57527ea47f346d65c,1-ca3798f96db1f57e4cada9a286e2e8e0,13241
14,22,Luz,-23.5365,-46.6332,23,126846,27,29,18,NORMAL,18,2018-5-15,50,04c61c5bcb327fa57527ea47f3485087,1-d12ca75a797e20b3085068e0feb2ae9a,10935
14,43,Faria Lima,-23.5675,-46.6929,29,54732,30,41,5,REABASTECER,33,2019-8-11,35,04c61c5bcb327fa57527ea47f34cd3a1,1-36a1ff3a41abe3462d31c3014f968a2b,8501
12,5,Faria Lima,-23.5675,-46.6929,38,53840,25,74,7,REABASTECER,35,2019-12-8,37,04c61c5bcb327fa57527ea47f355a76a,1-d64a5a2f36e7f277e7ae3d7685245368,8618
25,43,São Judas,-23.6255,-46.6411,33,17233,57,11,7,REABASTECER,19,2019-5-4,22,04c61c5bcb327fa57527ea47f356c6b7,1-ffbd0d0f4d63f10507539460a8019132,13444
9,37,Luz,-23.5365,-46.6332,36,124714,65,54,38,NORMAL,32,2018-12-5,57,04c61c5bcb327fa57527ea47f3583f1b,1-a61423c20eaa18273c1553e271714219,11135
14,23,São Judas,-23.6255,-46.6411,6,13726,26,86,8,REABASTECER,20,2019-7-4,22,04c61c5bcb327fa57527ea47f35ca1cb,1-f1685c6a95b7abf7191c627eb9077989,13504
43,38,Luz,-23.5365,-46.6332,25,125084,53,67,38,REABASTECER,5,2019-3-20,42,04c61c5bcb327fa57527ea47f361ec82,1-665aa832cf89b04d323c9a021a8e9193,11240
23,26,Vila Mariana,-23.5895,-46.6346,16,22726,65,22,43,NORMAL,14,2018-4-7,58,04c61c5bcb327fa57527ea47f3742084,1-437dafe6896a61538399a9b886698d50,13777
31,21,Pinheiros,-23.5664,-46.703,38,78575,39,39,40,NORMAL,5,2018-12-27,6,04c61c5bcb327fa57527ea47f3762c57,1-ff06a2f90cfca05a27ba250334e0616f,8997
38,20,Pinheiros,-23.5664,-46.703,9,77604,54,70,43,NORMAL,29,2019-3-23,65,04c61c5bcb327fa57527ea47f37e3394,1-12e7a306daffb7a3f82c1ec49ba508c5,9083
8,5,Vila Mariana,-23.5895,-46.6346,34,21892,50,21,25,REABASTECER,7,2018-10-12,44,04c61c5bcb327fa57527ea47f384890a,1-43d4822c077e7c918adde2a1bdddc653,13962
31,27,Vila Mariana,-23.5895,-46.6346,36,21624,34,23,40,NORMAL,34,2018-11-18,61,04c61c5bcb327fa57527ea47f3875fbc,1-bb574cadf4fa80cfb07eb5c5d9aaf45b,13998
40,6,Vila Mariana,-23.5895,-46.6346,7,24486,50,18,43,NORMAL,43,2019-5-17,45,04c61c5bcb327fa57527ea47f3966ac6,1-2436b15cbca182877d6388681db383d0,14177
43,25,Ana Rosa,-23.5813,-46.6383,19,66405,32,78,38,NORMAL,39,2019-1-9,16,04c61c5bcb327fa57527ea47f398eb96,1-44e93d90f6809c725cb605f110ddd312,11889
23,14,Vila Mariana,-23.5895,-46.6346,12,24528,56,13,23,REABASTECER,29,2019-8-9,3,04c61c5bcb327fa57527ea47f39d268a,1-ec86639fc57f1e0479239f370431e774,14259
8,16,Butantã,-23.5844,-46.7252,14,66030,57,52,43,REABASTECER,11,2018-5-9,8,04c61c5bcb327fa57527ea47f3a0e056,1-231e21ed719ebda9d1b741b873d7add8,9489
8,12,Butantã,-23.5844,-46.7252,11,67465,21,16,8,NORMAL,24,2018-6-18,54,04c61c5bcb327fa57527ea47f3a4a58c,1-2934b450ffa99486b4da384fd062be58,9528
34,34,Brooklin,-23.6263,-46.6878,6,26887,65,77,16,NORMAL,22,2018-3-13,14,04c61c5bcb327fa57527ea47f3afea4d,1-e108cdfe8dcd758e5f997446fe9b8603,14473
17,40,Butantã,-23.5844,-46.7252,7,67757,49,54,22,NORMAL,16,2019-1-3,46,04c61c5bcb327fa57527ea47f3b55005,1-d8bb031338026fbe6c4e5153980c5ff0,9723
38,32,Brooklin,-23.6263,-46.6878,33,26443,47,25,15,REABASTECER,28,2018-9-27,1,04c61c5bcb327fa57527ea47f3d04396,1-6eeb7bd15072155085878608af12c8b6,14667
9,20,Fradique Coutinho,-23.5661,-46.6841,21,35998,4,68,20,REABASTECER,9,2018-3-23,20,04c61c5bcb327fa57527ea47f3e9507f,1-eb3eb225d3e9cabe5d5f68e18e326aed,10163
13,23,Brooklin,-23.6263,-46.6878,34,27191,52,48,43,NORMAL,23,2019-8-11,37,04c61c5bcb327fa57527ea47f3eaa3f0,1-7c87b12a8b8562a327075f4e19fdcd41,14981
17,24,Fradique Coutinho,-23.5661,-46.6841,28,34222,4,50,31,NORMAL,33,2018-6-12,46,04c61c5bcb327fa57527ea47f3f0731b,1-9c8f1e560c09ba0dfa4b43a4252f9f3e,10242
3,35,Fradique Coutinho,-23.5661,-46.6841,12,35680,33,86,39,REABASTECER,32,2018-9-28,65,04c61c5bcb327fa57527ea47f3f9a5b5,1-73f933cd3d23feb206800be660ddc6b1,10348
32,15,Campo Belo,-23.6188,-46.6823,6,23823,36,66,8,NORMAL,11,2018-2-25,51,04c61c5bcb327fa57527ea47f3fbb825,1-ab4c7101cabdc300e3f63551c0e62b6e,15175
5,34,São Joaquim,-23.5618,-46.6389,43,34495,32,55,12,NORMAL,26,2019-11-13,28,04c61c5bcb327fa57527ea47f3ff4acc,1-a150aedde3fb23688dd0b02d846b4a20,12913
40,10,Campo Belo,-23.6188,-46.6823,29,24558,32,13,31,NORMAL,32,2018-4-15,5,04c61c5bcb327fa57527ea47f3ffc6cc,1-61cb0401541c834ca4c52cee38b72c6f,15225
26,39,Brás,-23.5451,-46.6162,33,70992,51,26,6,NORMAL,41,2019-1-24,37,04ccb658c36b7bc2227043b01709cfae,1-fe33ae00095d9fc104e1d1f3326a3a3d,4704
5,6,Brás,-23.5451,-46.6162,11,71923,23,0,2,REABASTECER,13,2019-4-14,65,04ccb658c36b7bc2227043b0170fc094,1-20ae4c424e90a6410e5d094ea822b2f9,4784
10,38,Ana Rosa,-23.5813,-46.6383,16,65607,51,79,14,NORMAL,12,2019-3-21,59,04ccb658c36b7bc2227043b017100e2c,1-d35117b69d2abc4689d2b83d560687af,11961
12,6,Ana Rosa,-23.5813,-46.6383,43,65884,11,76,7,NORMAL,32,2019-5-24,6,04ccb658c36b7bc2227043b017149f64,1-d301c8ca89ad16707c3d097d44cde47f,12024
25,36,Brás,-23.5451,-46.6162,33,73180,43,29,43,NORMAL,22,2019-9-19,41,04ccb658c36b7bc2227043b0171b52bd,1-276f57d9ce247a5168256dcf3c5b4795,4939
26,39,Brás,-23.5451,-46.6162,9,73391,59,38,5,REABASTECER,32,2019-10-30,24,04ccb658c36b7bc2227043b0171e389c,1-f1bf238c937ab24c0dc8737f7a362b74,4980
30,8,São Joaquim,-23.5618,-46.6389,25,34380,43,29,43,NORMAL,31,2018-1-24,18,04ccb658c36b7bc2227043b01725fa54,1-6186e5a0e241924489697fc51e60b7ce,12264
25,12,São Joaquim,-23.5618,-46.6389,14,32657,33,64,38,NORMAL,19,2018-2-8,55,04ccb658c36b7bc2227043b017270585,1-719ef9977c7b26b2f9cba92d4e28d74f,12278
43,43,Sé,-23.55,-46.6333,43,194895,25,36,10,NORMAL,13,2019-4-6,40,04ccb658c36b7bc2227043b0172999f1,1-bb6e2943542b1e7f66befb318abfc1dd,4056
34,28,Sé,-23.55,-46.6333,18,191973,8,75,43,NORMAL,15,2019-4-29,9,04ccb658c36b7bc2227043b0172b47c7,1-0d06961e0ae65b6006fcf400b55a33c1,4079
8,37,Barra Funda,-23.5542,-46.6707,19,147541,39,35,43,NORMAL,14,2018-5-17,43,04ccb658c36b7bc2227043b0172b7c6d,1-9e48fcb75ef67722edf6d69d14f1923e,5177
13,18,Sé,-23.55,-46.6333,13,194110,43,73,18,NORMAL,27,2019-5-15,10,04ccb658c36b7bc2227043b0172c6eb8,1-686f400d594b0ff78b32ab00d2c2ac0c,4095
37,15,Sé,-23.55,-46.6333,10,194640,39,14,6,REABASTECER,7,2019-7-22,49,04ccb658c36b7bc2227043b017318ad8,1-0bceac64c7320d2d9e714821eb0b4444,4162
21,10,Barra Funda,-23.5542,-46.6707,43,150544,12,77,30,REABASTECER,2,2018-8-19,51,04ccb658c36b7bc2227043b0173283f1,1-703b397e702ab2fda30d0a0fca80e345,5269
12,43,São Joaquim,-23.5618,-46.6389,27,35949,65,76,5,REABASTECER,1,2018-7-26,50,04ccb658c36b7bc2227043b01734b3a7,1-528795b49243cf5441d61a6ac8e16f16,12446
4,4,São Joaquim,-23.5618,-46.6389,7,34383,55,64,20,REABASTECER,14,2019-1-8,65,04ccb658c36b7bc2227043b017408515,1-50309cb7b5ccb70b83dc1041db358d6d,12608
14,41,São Joaquim,-23.5618,-46.6389,31,33728,10,52,43,REABASTECER,27,2019-1-27,6,04ccb658c36b7bc2227043b01741a3c6,1-8e1c92e0dcc892350c8938f9cfb654a3,12627
3,33,São Joaquim,-23.5618,-46.6389,30,33154,21,41,20,NORMAL,38,2019-2-25,57,04ccb658c36b7bc2227043b0174397e4,1-8e823b92c01ecab7eb9a523a0c38553b,12655
5,1,Barra Funda,-23.5542,-46.6707,43,147189,9,46,34,REABASTECER,36,2019-5-11,31,04ccb658c36b7bc2227043b017455a3c,1-495477ab63e4c347e513eef807badacc,5531
19,34,Barra Funda,-23.5542,-46.6707,15,149257,49,86,9,NORMAL,43,2019-8-1,55,04ccb658c36b7bc2227043b0174bdf9c,1-747a497ab1243a24a52821595e80423e,5611
43,13,Brás,-23.5451,-46.6162,43,72993,30,36,10,NORMAL,29,2018-8-25,59,04ccb658c36b7bc2227043b0174eca62,1-d00b662342b8737c3fec045f481fbf14,4555
24,43,Brás,-23.5451,-46.6162,8,74065,29,86,30,NORMAL,8,2018-10-21,20,04ccb658c36b7bc2227043b017532854,1-642671ca0f58c8dd53bb511d5fa5a648,4611
37,15,São Joaquim,-23.5618,-46.6389,25,35837,9,12,10,NORMAL,4,2019-9-24,65,04ccb658c36b7bc2227043b017545588,1-dc13ec08b0fd171436e5cb31bc9d120b,12864
6,28,Brás,-23.5451,-46.6162,19,73533,19,61,22,REABASTECER,24,2019-1-29,65,04ccb658c36b7bc2227043b0175a848f,1-5b11f598e62ed59a346a95f410f46f8a,4709
15,34,São Judas,-23.6255,-46.6411,43,16985,41,34,18,NORMAL,23,2018-1-17,23,04ccb658c36b7bc2227043b0175bd59e,1-a28b590725166c5c14d7968819742369,12977
12,37,São Judas,-23.6255,-46.6411,38,14753,56,20,7,NORMAL,35,2018-5-23,24,04ccb658c36b7bc2227043b017661b6a,1-117420f2d01843cb9f9523e121d6ae48,13103
7,34,São Judas,-23.6255,-46.6411,15,16730,12,57,28,NORMAL,17,2018-7-22,57,04ccb658c36b7bc2227043b0176a701d,1-f908769eae07af8e888226cb49d9ad13,13162
37,9,Tatuapé,-23.5402,-46.5765,14,68860,28,49,15,NORMAL,43,2018-9-22,58,04ccb658c36b7bc2227043b0176b4d87,1-2b2fb66e92ff679c330f8d5ec9ed8716,6022
20,43,Tatuapé,-23.5402,-46.5765,3,67367,56,86,1,REABASTECER,8,2019-4-20,65,04ccb658c36b7bc2227043b0177a71a4,1-87b148ba1ad993ba0a888b41f5626746,6230
19,19,Tatuapé,-23.5402,-46.5765,12,67158,39,55,2,REABASTECER,6,2019-5-1,56,04ccb658c36b7bc2227043b0177b6494,1-e448b0f8a644951bcf501a9a977f779c,6241
23,41,Tatuapé,-23.5402,-46.5765,32,69883,5,39,23,REABASTECER,37,2019-6-16,56,04ccb658c36b7bc2227043b0177ee6ed,1-a47eb95f1ba7bd614620777e16feb3e2,6286
35,28,Barra Funda,-23.5542,-46.6707,17,146960,28,31,34,NORMAL,19,2018-7-27,65,04ccb658c36b7bc2227043b01782c782,1-dd085f37f9a076691694b42c13b8e4bf,5247
8,6,São Judas,-23.6255,-46.6411,23,16722,29,14,9,NORMAL,11,2019-8-8,65,04ccb658c36b7bc2227043b0178682e5,1-11e97b3e5939a1043a6807fb1e42880d,13538
14,36,São Judas,-23.6255,-46.6411,39,14828,34,31,15,NORMAL,13,2019-9-19,35,04ccb658c36b7bc2227043b0178a2705,1-eb2c5f00f9c5c2aa10d824e15a0f85e2,13579
40,29,São Judas,-23.6255,-46.6411,30,15558,15,78,43,NORMAL,37,2019-9-23,65,04ccb658c36b7bc2227043b0178a86c8,1-8df589a77c438d05e8e8d2d0668a7801,13583
